adm_nm,school_count_191,student_count_191,school_count_232,student_count_232,school_count_192,student_count_192,school_count_201,student_count_201,school_count_202,student_count_202,school_count_211,student_count_211,school_count_212,student_count_212,school_count_221,student_count_221,school_count_222,student_count_222,school_count_231,student_count_231
서울특별시 강남구 개포1동,1.0,593.0,3,795.0,1.0,620.0,3.0,778.0,1.0,800.0,3,848.0,1.0,852.0,3,824,1.0,813.0,3,784.0
서울특별시 강남구 개포2동,6.0,3566.0,8,6881.0,6.0,3689.0,7.0,3821.0,6.0,3900.0,8,5127.0,5.0,3496.0,8,5853,4.0,2592.0,8,6620.0
서울특별시 강남구 개포4동,4.0,1721.0,4,1950.0,4.0,1732.0,4.0,1694.0,4.0,1686.0,4,2022.0,4.0,2014.0,4,1995,4.0,1995.0,4,1970.0
서울특별시 강남구 논현1동,1.0,339.0,1,235.0,1.0,326.0,1.0,309.0,1.0,315.0,1,290.0,1.0,277.0,1,266,1.0,259.0,1,248.0
서울특별시 강남구 논현2동,2.0,788.0,2,776.0,2.0,797.0,2.0,775.0,2.0,774.0,2,815.0,2.0,810.0,2,816,2.0,814.0,2,798.0
서울특별시 강남구 대치1동,1.0,593.0,5,4659.0,1.0,582.0,4.0,3622.0,2.0,823.0,5,4723.0,2.0,859.0,5,4561,2.0,902.0,5,4532.0
서울특별시 강남구 대치2동,3.0,2351.0,5,5337.0,3.0,2419.0,4.0,3777.0,3.0,2542.0,5,4919.0,3.0,2526.0,5,5061,2.0,1698.0,5,5050.0
서울특별시 강남구 대치4동,1.0,882.0,1,940.0,1.0,919.0,1.0,943.0,,,1,954.0,1.0,985.0,1,937,1.0,970.0,1,879.0
서울특별시 강남구 도곡1동,3.0,1937.0,4,3371.0,3.0,1900.0,4.0,3590.0,3.0,1960.0,4,3613.0,3.0,1977.0,4,3525,3.0,1934.0,4,3376.0
서울특별시 강남구 도곡2동,2.0,1379.0,5,5684.0,2.0,1378.0,4.0,4603.0,3.0,2403.0,5,5734.0,3.0,2459.0,5,5644,3.0,2472.0,5,5626.0
서울특별시 강남구 삼성1동,3.0,946.0,4,1910.0,3.0,1041.0,3.0,998.0,3.0,990.0,4,2094.0,3.0,995.0,4,2026,3.0,943.0,4,1960.0
서울특별시 강남구 삼성2동,2.0,1497.0,2,1468.0,2.0,1494.0,2.0,1519.0,2.0,1533.0,2,1565.0,2.0,1548.0,2,1515,2.0,1494.0,2,1490.0
서울특별시 강남구 세곡동,5.0,4203.0,6,4950.0,5.0,4123.0,6.0,5316.0,4.0,3131.0,6,5285.0,5.0,4156.0,6,5098,5.0,4044.0,6,4885.0
서울특별시 강남구 수서동,4.0,1907.0,4,1661.0,4.0,1881.0,4.0,1887.0,4.0,1848.0,4,1837.0,4.0,1806.0,4,1773,4.0,1730.0,4,1707.0
서울특별시 강남구 신사동,2.0,961.0,3,1873.0,2.0,972.0,2.0,957.0,2.0,970.0,3,1954.0,2.0,905.0,3,1932,2.0,892.0,3,1890.0
서울특별시 강남구 압구정동,4.0,1981.0,5,2576.0,4.0,1928.0,5.0,2880.0,4.0,1867.0,5,2845.0,5.0,2799.0,5,2764,5.0,2705.0,5,2630.0
서울특별시 강남구 역삼1동,1.0,338.0,1,322.0,1.0,335.0,1.0,337.0,1.0,352.0,1,362.0,1.0,373.0,1,364,1.0,363.0,1,326.0
서울특별시 강남구 역삼2동,2.0,1944.0,4,4957.0,2.0,1929.0,4.0,4908.0,2.0,1898.0,4,4996.0,1.0,898.0,4,4929,1.0,876.0,4,4889.0
서울특별시 강남구 일원1동,2.0,495.0,3,1479.0,2.0,491.0,2.0,482.0,2.0,477.0,3,1555.0,2.0,455.0,3,1507,2.0,424.0,3,1500.0
서울특별시 강남구 일원2동,2.0,909.0,2,1233.0,2.0,901.0,2.0,915.0,2.0,936.0,2,1027.0,2.0,1071.0,2,1158,2.0,1165.0,2,1241.0
서울특별시 강남구 일원본동,5.0,3067.0,6,4075.0,5.0,3215.0,6.0,4354.0,5.0,3280.0,6,4342.0,6.0,4319.0,6,4244,6.0,4214.0,6,4082.0
서울특별시 강남구 청담동,3.0,1771.0,4,3237.0,3.0,1756.0,4.0,3590.0,3.0,1699.0,4,3615.0,3.0,1739.0,4,3520,3.0,1645.0,4,3278.0
서울특별시 강동구 강일동,4.0,2174.0,8,4575.0,4.0,2154.0,6.0,4366.0,5.0,3181.0,8,4748.0,8.0,4764.0,8,4599,8.0,4687.0,8,4603.0
서울특별시 강동구 고덕1동,2.0,1732.0,5,6364.0,2.0,1726.0,4.0,5211.0,2.0,1807.0,5,6541.0,2.0,1857.0,5,6413,2.0,1823.0,5,6344.0
서울특별시 강동구 고덕2동,4.0,1242.0,6,4815.0,5.0,1351.0,5.0,2850.0,4.0,1912.0,6,4366.0,3.0,1227.0,6,4673,3.0,1202.0,6,4869.0
서울특별시 강동구 길동,4.0,2894.0,4,2418.0,4.0,2884.0,4.0,2671.0,4.0,2656.0,4,2612.0,4.0,2583.0,4,2573,4.0,2565.0,4,2445.0
서울특별시 강동구 둔촌1동,1.0,355.0,2,1189.0,1.0,348.0,1.0,296.0,1.0,292.0,2,1291.0,1.0,261.0,2,1254,2.0,1241.0,2,1192.0
서울특별시 강동구 둔촌2동,5.0,2788.0,5,2373.0,5.0,2764.0,5.0,2575.0,5.0,2591.0,5,2481.0,5.0,2466.0,5,2422,5.0,2408.0,5,2387.0
서울특별시 강동구 명일1동,1.0,552.0,1,800.0,1.0,685.0,1.0,661.0,1.0,682.0,1,712.0,1.0,723.0,1,766,1.0,774.0,1,801.0
서울특별시 강동구 명일2동,3.0,2361.0,3,2101.0,3.0,2361.0,3.0,2214.0,3.0,2256.0,3,2123.0,3.0,2149.0,3,2198,3.0,2190.0,3,2099.0
서울특별시 강동구 상일동,7.0,3660.0,11,8530.0,8.0,3775.0,9.0,5564.0,7.0,3702.0,10,7634.0,7.0,3712.0,10,7757,7.0,3702.0,11,8595.0
서울특별시 강동구 성내1동,2.0,1549.0,3,2339.0,2.0,1551.0,3.0,2648.0,2.0,1426.0,3,2550.0,2.0,1386.0,3,2446,2.0,1333.0,3,2355.0
서울특별시 강동구 암사1동,,,1,1027.0,,,1.0,1080.0,,,1,1032.0,,,1,1041,,,1,1018.0
서울특별시 강동구 암사2동,2.0,1641.0,2,1264.0,2.0,1607.0,2.0,1522.0,2.0,1485.0,2,1438.0,2.0,1411.0,2,1356,2.0,1341.0,2,1302.0
서울특별시 강동구 암사3동,3.0,1759.0,3,1800.0,3.0,1749.0,3.0,1788.0,3.0,1793.0,3,1807.0,3.0,1823.0,3,1802,3.0,1798.0,3,1814.0
서울특별시 강동구 천호1동,5.0,2851.0,5,2552.0,5.0,2840.0,5.0,2762.0,5.0,2763.0,5,2716.0,5.0,2706.0,5,2609,5.0,2604.0,5,2569.0
서울특별시 강동구 천호2동,2.0,1212.0,2,1003.0,2.0,1204.0,2.0,1144.0,2.0,1141.0,2,1072.0,2.0,1063.0,2,1056,2.0,1067.0,2,1015.0
서울특별시 강동구 천호3동,1.0,513.0,1,474.0,1.0,509.0,1.0,528.0,1.0,523.0,1,506.0,1.0,501.0,1,469,1.0,461.0,1,470.0
서울특별시 강북구 미아동,2.0,338.0,3,1435.0,2.0,445.0,2.0,431.0,2.0,428.0,3,1484.0,2.0,449.0,3,1439,3.0,1426.0,3,1437.0
서울특별시 강북구 번1동,2.0,1242.0,2,901.0,2.0,1231.0,2.0,1137.0,2.0,1145.0,2,1027.0,2.0,1015.0,2,984,2.0,973.0,2,909.0
서울특별시 강북구 번2동,1.0,507.0,1,474.0,1.0,509.0,1.0,519.0,1.0,520.0,1,510.0,1.0,506.0,1,487,1.0,488.0,1,478.0
서울특별시 강북구 번3동,2.0,1161.0,2,801.0,2.0,1146.0,2.0,1072.0,2.0,1052.0,2,992.0,2.0,985.0,2,902,2.0,898.0,2,807.0
서울특별시 강북구 삼각산동,1.0,647.0,3,2619.0,2.0,1642.0,3.0,2788.0,2.0,1589.0,3,2733.0,2.0,1555.0,3,2658,2.0,1561.0,3,2638.0
서울특별시 강북구 삼양동,3.0,1143.0,5,1835.0,3.0,1161.0,3.0,1085.0,3.0,1086.0,3,992.0,3.0,981.0,3,942,3.0,938.0,5,1848.0
서울특별시 강북구 송중동,4.0,2940.0,4,2746.0,4.0,2921.0,4.0,2947.0,4.0,2929.0,4,2915.0,4.0,2881.0,4,2779,4.0,2774.0,4,2758.0
서울특별시 강북구 송천동,5.0,2773.0,6,3447.0,5.0,2752.0,5.0,2714.0,5.0,2697.0,6,3669.0,6.0,3644.0,6,3516,6.0,3496.0,6,3470.0
서울특별시 강북구 수유1동,7.0,2795.0,7,2557.0,7.0,3004.0,7.0,2889.0,7.0,2883.0,7,2772.0,7.0,2756.0,7,2636,7.0,2625.0,7,2567.0
서울특별시 강북구 수유3동,1.0,408.0,1,375.0,1.0,406.0,1.0,406.0,1.0,405.0,1,399.0,1.0,401.0,1,387,1.0,386.0,1,377.0
서울특별시 강북구 우이동,1.0,350.0,1,316.0,1.0,344.0,1.0,355.0,1.0,355.0,1,360.0,1.0,358.0,1,346,1.0,343.0,1,320.0
서울특별시 강북구 인수동,2.0,1283.0,3,2089.0,2.0,1274.0,3.0,2416.0,2.0,1261.0,3,2290.0,2.0,1169.0,3,2202,2.0,1118.0,3,2121.0
서울특별시 강서구 가양1동,3.0,1364.0,3,1168.0,3.0,1343.0,3.0,1307.0,3.0,1298.0,3,1263.0,3.0,1255.0,3,1261,3.0,1237.0,3,1190.0
서울특별시 강서구 가양2동,2.0,933.0,3,936.0,2.0,906.0,3.0,978.0,3.0,961.0,3,950.0,3.0,908.0,3,936,3.0,917.0,3,964.0
서울특별시 강서구 가양3동,3.0,1009.0,3,759.0,3.0,1003.0,3.0,967.0,3.0,951.0,3,859.0,3.0,848.0,3,790,3.0,768.0,3,779.0
서울특별시 강서구 공항동,3.0,1711.0,5,3935.0,3.0,1693.0,5.0,3355.0,4.0,1665.0,5,3585.0,4.0,1875.0,5,3920,4.0,2030.0,5,4019.0
서울특별시 강서구 등촌1동,1.0,534.0,1,491.0,1.0,538.0,1.0,504.0,1.0,488.0,1,505.0,1.0,495.0,1,482,1.0,478.0,1,500.0
서울특별시 강서구 등촌2동,5.0,3391.0,6,3868.0,5.0,3370.0,5.0,3186.0,5.0,3161.0,6,4120.0,5.0,3082.0,6,4032,6.0,3977.0,6,3914.0
서울특별시 강서구 등촌3동,12.0,5835.0,12,4788.0,12.0,5774.0,12.0,5508.0,12.0,5468.0,12,5292.0,12.0,5231.0,12,4979,12.0,4915.0,12,4832.0
서울특별시 강서구 발산1동,11.0,7427.0,15,10406.0,11.0,7409.0,13.0,9693.0,11.0,7296.0,15,11469.0,11.0,7147.0,15,10894,14.0,9736.0,15,10524.0
서울특별시 강서구 방화1동,5.0,2514.0,7,4896.0,5.0,2474.0,7.0,5182.0,5.0,2391.0,7,5067.0,5.0,2260.0,7,5012,5.0,2198.0,7,4992.0
서울특별시 강서구 방화2동,2.0,1008.0,2,850.0,2.0,996.0,2.0,952.0,2.0,939.0,2,905.0,2.0,895.0,2,904,2.0,897.0,2,849.0
서울특별시 강서구 방화3동,6.0,2547.0,6,1853.0,6.0,2513.0,6.0,2408.0,6.0,2366.0,6,2190.0,6.0,2162.0,6,2077,6.0,2052.0,6,1894.0
서울특별시 강서구 염창동,4.0,3269.0,5,3935.0,4.0,3255.0,5.0,4306.0,5.0,4309.0,5,4226.0,5.0,4210.0,5,4154,5.0,4118.0,5,3983.0
서울특별시 강서구 우장산동,1.0,958.0,2,2227.0,1.0,944.0,2.0,2490.0,1.0,933.0,2,2318.0,1.0,868.0,2,2301,1.0,903.0,2,2229.0
서울특별시 강서구 화곡1동,2.0,1252.0,3,1979.0,2.0,1258.0,3.0,2239.0,3.0,2184.0,3,2109.0,3.0,2092.0,3,2037,3.0,2012.0,3,2002.0
서울특별시 강서구 화곡2동,,,1,1296.0,,,1.0,1696.0,,,1,1500.0,,,1,1408,,,1,1321.0
서울특별시 강서구 화곡4동,3.0,1473.0,4,1634.0,3.0,1483.0,4.0,1780.0,4.0,1739.0,4,1682.0,4.0,1677.0,4,1689,4.0,1669.0,4,1644.0
서울특별시 강서구 화곡6동,2.0,350.0,2,361.0,2.0,432.0,2.0,398.0,2.0,395.0,2,367.0,2.0,366.0,2,369,2.0,367.0,2,361.0
서울특별시 강서구 화곡본동,1.0,833.0,2,1410.0,1.0,819.0,2.0,1769.0,2.0,1735.0,2,1624.0,2.0,1577.0,2,1522,2.0,1508.0,2,1444.0
서울특별시 관악구 낙성대동,,,1,814.0,,,1.0,1050.0,,,1,971.0,1.0,943.0,1,905,1.0,879.0,1,828.0
서울특별시 관악구 난곡동,4.0,2078.0,4,1793.0,4.0,2063.0,4.0,1975.0,4.0,1953.0,4,1916.0,4.0,1893.0,4,1850,4.0,1831.0,4,1807.0
서울특별시 관악구 난향동,2.0,947.0,2,938.0,2.0,1089.0,2.0,1044.0,2.0,1043.0,2,1016.0,2.0,992.0,2,976,2.0,972.0,2,944.0
서울특별시 관악구 남현동,1.0,669.0,1,534.0,1.0,658.0,1.0,639.0,1.0,600.0,1,603.0,1.0,590.0,1,590,1.0,580.0,1,551.0
서울특별시 관악구 대학동,4.0,1676.0,4,1392.0,4.0,1672.0,4.0,1614.0,4.0,1615.0,4,1561.0,4.0,1548.0,4,1483,4.0,1464.0,4,1413.0
서울특별시 관악구 미성동,7.0,4402.0,7,3531.0,7.0,4386.0,7.0,4172.0,7.0,4160.0,7,3958.0,7.0,3938.0,7,3705,7.0,3683.0,7,3559.0
서울특별시 관악구 보라매동,4.0,2107.0,4,1939.0,4.0,2138.0,4.0,2060.0,4.0,2040.0,4,2004.0,4.0,1989.0,4,1944,4.0,1931.0,4,1945.0
서울특별시 관악구 삼성동,4.0,1566.0,5,1574.0,4.0,1567.0,5.0,1742.0,5.0,1731.0,5,1682.0,5.0,1658.0,5,1634,5.0,1607.0,5,1574.0
서울특별시 관악구 서림동,2.0,972.0,3,787.0,2.0,968.0,2.0,931.0,2.0,918.0,2,864.0,2.0,852.0,2,871,2.0,857.0,2,797.0
서울특별시 관악구 서원동,1.0,274.0,1,238.0,1.0,270.0,1.0,241.0,1.0,242.0,1,234.0,1.0,234.0,1,221,1.0,217.0,1,236.0
서울특별시 관악구 성현동,2.0,1575.0,4,3802.0,2.0,1563.0,4.0,4352.0,2.0,1485.0,4,4164.0,2.0,1432.0,4,4027,2.0,1373.0,4,3842.0
서울특별시 관악구 신사동,1.0,528.0,1,459.0,1.0,518.0,1.0,501.0,1.0,490.0,1,481.0,1.0,472.0,1,496,1.0,486.0,1,471.0
서울특별시 관악구 신원동,1.0,677.0,1,524.0,1.0,662.0,1.0,663.0,1.0,645.0,1,601.0,1.0,590.0,1,581,1.0,563.0,1,528.0
서울특별시 관악구 은천동,1.0,719.0,2,1352.0,1.0,699.0,2.0,1730.0,1.0,660.0,2,1627.0,1.0,584.0,2,1519,2.0,1491.0,2,1377.0
서울특별시 관악구 인헌동,2.0,1086.0,2,863.0,2.0,1075.0,2.0,998.0,2.0,996.0,2,959.0,2.0,951.0,2,882,2.0,880.0,2,866.0
서울특별시 관악구 조원동,1.0,525.0,1,448.0,1.0,520.0,1.0,485.0,1.0,471.0,1,451.0,1.0,438.0,1,426,1.0,429.0,1,445.0
서울특별시 관악구 중앙동,1.0,331.0,1,268.0,1.0,321.0,1.0,310.0,1.0,307.0,1,290.0,1.0,288.0,1,277,1.0,277.0,1,267.0
서울특별시 관악구 청룡동,8.0,3764.0,8,3311.0,8.0,3776.0,8.0,3714.0,8.0,3676.0,8,3611.0,8.0,3549.0,8,3428,8.0,3372.0,8,3377.0
서울특별시 관악구 행운동,5.0,2549.0,5,2126.0,5.0,2529.0,5.0,2411.0,5.0,2394.0,5,2310.0,5.0,2283.0,5,2230,5.0,2210.0,5,2144.0
서울특별시 광진구 광장동,3.0,1931.0,7,6576.0,3.0,1918.0,6.0,6162.0,3.0,1898.0,7,7092.0,3.0,1852.0,7,6912,3.0,1783.0,7,6575.0
서울특별시 광진구 구의1동,2.0,1142.0,2,1043.0,2.0,1133.0,2.0,1116.0,2.0,1111.0,2,1098.0,2.0,1089.0,2,1077,2.0,1072.0,2,1049.0
서울특별시 광진구 구의2동,3.0,2285.0,3,1967.0,3.0,2262.0,3.0,2188.0,3.0,2163.0,3,2157.0,3.0,2152.0,3,2080,3.0,2062.0,3,1980.0
서울특별시 광진구 구의3동,2.0,866.0,2,837.0,2.0,965.0,2.0,914.0,2.0,907.0,2,874.0,2.0,866.0,2,834,2.0,830.0,2,852.0
서울특별시 광진구 군자동,2.0,933.0,2,879.0,2.0,921.0,2.0,890.0,2.0,891.0,2,886.0,2.0,874.0,2,875,2.0,861.0,2,887.0
서울특별시 광진구 능동,1.0,844.0,2,1865.0,1.0,840.0,1.0,828.0,1.0,825.0,2,1909.0,1.0,814.0,2,1901,1.0,803.0,2,1889.0
서울특별시 광진구 자양1동,1.0,473.0,1,458.0,1.0,473.0,1.0,449.0,1.0,442.0,1,458.0,1.0,459.0,1,467,1.0,464.0,1,460.0
서울특별시 광진구 자양2동,7.0,3216.0,7,2858.0,7.0,3165.0,7.0,3131.0,7.0,3094.0,7,3115.0,7.0,3077.0,7,2976,7.0,2944.0,7,2878.0
서울특별시 광진구 자양3동,3.0,2195.0,4,3145.0,3.0,2181.0,4.0,3284.0,3.0,2097.0,4,3246.0,3.0,2076.0,4,3166,3.0,2025.0,4,3108.0
서울특별시 광진구 자양4동,1.0,309.0,1,270.0,1.0,305.0,1.0,308.0,1.0,303.0,1,314.0,1.0,309.0,1,289,1.0,287.0,1,272.0
서울특별시 광진구 중곡2동,,,1,1011.0,,,1.0,1217.0,,,1,1126.0,,,1,1128,,,1,1034.0
서울특별시 광진구 중곡3동,2.0,817.0,2,615.0,2.0,797.0,2.0,731.0,2.0,724.0,2,674.0,2.0,658.0,2,650,2.0,639.0,2,620.0
서울특별시 광진구 중곡4동,6.0,4002.0,6,3638.0,6.0,3986.0,6.0,3850.0,6.0,3851.0,6,3803.0,6.0,3806.0,6,3753,6.0,3722.0,6,3664.0
서울특별시 광진구 화양동,3.0,1593.0,4,2513.0,3.0,1573.0,3.0,1553.0,3.0,1558.0,4,2509.0,3.0,1497.0,4,2492,4.0,2506.0,4,2525.0
서울특별시 구로구 가리봉동,1.0,353.0,1,291.0,1.0,349.0,1.0,317.0,1.0,306.0,1,292.0,1.0,288.0,1,285,1.0,295.0,1,286.0
서울특별시 구로구 개봉1동,3.0,1403.0,3,1247.0,3.0,1405.0,3.0,1290.0,3.0,1277.0,3,1315.0,3.0,1302.0,3,1280,3.0,1279.0,3,1255.0
서울특별시 구로구 개봉3동,3.0,1639.0,4,2223.0,3.0,1610.0,4.0,2680.0,3.0,1502.0,4,2443.0,4.0,2374.0,4,2378,4.0,2366.0,4,2259.0
서울특별시 구로구 고척1동,3.0,1668.0,5,3375.0,4.0,2637.0,4.0,2491.0,4.0,2463.0,5,3432.0,4.0,2326.0,5,3357,4.0,2261.0,5,3385.0
서울특별시 구로구 고척2동,3.0,1796.0,4,2445.0,3.0,1790.0,4.0,2797.0,3.0,1674.0,4,2696.0,3.0,1633.0,4,2611,4.0,2584.0,4,2474.0
서울특별시 구로구 구로1동,2.0,1369.0,3,2374.0,2.0,1362.0,3.0,2570.0,2.0,1302.0,3,2509.0,2.0,1349.0,3,2400,2.0,1292.0,3,2389.0
서울특별시 구로구 구로2동,2.0,1304.0,2,1155.0,2.0,1281.0,2.0,1200.0,2.0,1189.0,2,1169.0,2.0,1161.0,2,1168,2.0,1162.0,2,1162.0
서울특별시 구로구 구로3동,3.0,2082.0,3,1625.0,3.0,2045.0,3.0,1984.0,3.0,1923.0,3,1840.0,3.0,1803.0,3,1731,3.0,1712.0,3,1636.0
서울특별시 구로구 구로4동,2.0,877.0,2,757.0,2.0,870.0,2.0,849.0,2.0,842.0,2,812.0,2.0,799.0,2,775,2.0,772.0,2,749.0
서울특별시 구로구 구로5동,4.0,2577.0,4,2439.0,4.0,2543.0,4.0,2511.0,4.0,2487.0,4,2504.0,4.0,2480.0,4,2441,4.0,2441.0,4,2462.0
서울특별시 구로구 수궁동,8.0,4120.0,9,4693.0,8.0,4342.0,9.0,5265.0,9.0,5232.0,9,5105.0,9.0,5066.0,9,4904,9.0,4853.0,9,4736.0
서울특별시 구로구 신도림동,3.0,2641.0,4,3684.0,3.0,2630.0,4.0,3815.0,2.0,1485.0,4,3769.0,2.0,1421.0,4,3805,2.0,1429.0,4,3748.0
서울특별시 구로구 오류1동,1.0,772.0,1,636.0,1.0,754.0,1.0,732.0,1.0,712.0,1,688.0,1.0,676.0,1,687,1.0,665.0,1,637.0
서울특별시 구로구 오류2동,10.0,4274.0,12,6327.0,10.0,4566.0,12.0,6284.0,11.0,5192.0,12,6359.0,10.0,4267.0,12,6418,11.0,5189.0,12,6399.0
서울특별시 금천구 독산1동,6.0,2381.0,6,2237.0,6.0,2383.0,6.0,2386.0,6.0,2363.0,6,2310.0,6.0,2278.0,6,2311,6.0,2275.0,6,2258.0
서울특별시 금천구 독산2동,2.0,974.0,2,765.0,2.0,966.0,2.0,918.0,2.0,908.0,2,877.0,2.0,864.0,2,824,2.0,813.0,2,776.0
서울특별시 금천구 독산3동,5.0,2054.0,6,1654.0,5.0,2045.0,5.0,1920.0,5.0,1897.0,5,1777.0,5.0,1765.0,5,1711,5.0,1707.0,5,1655.0
서울특별시 금천구 독산4동,1.0,364.0,1,301.0,1.0,358.0,1.0,335.0,1.0,332.0,1,332.0,1.0,323.0,1,321,1.0,318.0,1,304.0
서울특별시 금천구 시흥1동,5.0,3529.0,5,3257.0,5.0,3484.0,5.0,3360.0,5.0,3322.0,5,3320.0,5.0,3270.0,5,3341,5.0,3308.0,5,3317.0
서울특별시 금천구 시흥2동,5.0,3109.0,6,3187.0,5.0,3061.0,5.0,2927.0,5.0,2900.0,5,2843.0,5.0,2819.0,6,3409,6.0,3373.0,6,3228.0
서울특별시 금천구 시흥3동,3.0,1749.0,3,1484.0,3.0,1745.0,3.0,1677.0,3.0,1668.0,3,1611.0,3.0,1602.0,3,1533,3.0,1528.0,3,1489.0
서울특별시 금천구 시흥4동,2.0,1279.0,2,1044.0,2.0,1273.0,2.0,1195.0,2.0,1162.0,2,1151.0,2.0,1134.0,2,1090,2.0,1078.0,2,1056.0
서울특별시 금천구 시흥5동,4.0,1268.0,4,1109.0,4.0,1247.0,4.0,1198.0,4.0,1193.0,4,1181.0,4.0,1164.0,4,1174,4.0,1161.0,4,1119.0
서울특별시 노원구 공릉1동,3.0,1686.0,3,1352.0,3.0,1663.0,3.0,1593.0,3.0,1562.0,3,1473.0,3.0,1447.0,3,1400,3.0,1388.0,3,1377.0
서울특별시 노원구 공릉2동,5.0,4004.0,6,4368.0,4.0,3005.0,5.0,3814.0,5.0,3803.0,6,4705.0,6.0,4653.0,6,4665,6.0,4613.0,6,4419.0
서울특별시 노원구 상계10동,4.0,2123.0,4,1957.0,4.0,2116.0,4.0,2016.0,4.0,1995.0,4,2062.0,4.0,2052.0,4,2021,4.0,2008.0,4,1995.0
서울특별시 노원구 상계1동,6.0,2972.0,6,2522.0,6.0,2959.0,6.0,2807.0,6.0,2795.0,6,2712.0,6.0,2698.0,6,2658,6.0,2659.0,6,2562.0
서울특별시 노원구 상계2동,2.0,898.0,2,741.0,2.0,883.0,2.0,828.0,2.0,831.0,2,786.0,2.0,787.0,2,782,2.0,781.0,2,747.0
서울특별시 노원구 상계3·4동,2.0,979.0,2,1001.0,2.0,967.0,2.0,986.0,2.0,981.0,2,960.0,2.0,947.0,2,930,2.0,923.0,2,847.0
서울특별시 노원구 상계5동,1.0,622.0,1,414.0,1.0,614.0,1.0,573.0,1.0,567.0,1,519.0,1.0,512.0,1,483,1.0,472.0,1,425.0
서울특별시 노원구 상계6·7동,6.0,3737.0,6,2919.0,6.0,3708.0,6.0,3473.0,6.0,3452.0,6,3293.0,6.0,3256.0,6,3085,6.0,3081.0,6,2951.0
서울특별시 노원구 상계8동,4.0,2692.0,4,2251.0,4.0,2678.0,4.0,2554.0,4.0,2523.0,4,2446.0,4.0,2426.0,4,2368,4.0,2342.0,4,2299.0
서울특별시 노원구 상계9동,5.0,2982.0,7,4516.0,5.0,2973.0,6.0,3814.0,6.0,3795.0,7,4855.0,6.0,3709.0,7,4690,6.0,3567.0,7,4549.0
서울특별시 노원구 월계1동,2.0,1250.0,3,1367.0,2.0,1255.0,2.0,1203.0,2.0,1190.0,2,1124.0,2.0,1111.0,3,1490,3.0,1470.0,3,1389.0
서울특별시 노원구 월계2동,7.0,3071.0,8,3186.0,7.0,3052.0,8.0,3602.0,8.0,3594.0,8,3492.0,8.0,3482.0,8,3325,8.0,3292.0,8,3215.0
서울특별시 노원구 월계3동,4.0,1946.0,4,1700.0,4.0,1913.0,4.0,1929.0,4.0,1889.0,4,1897.0,4.0,1859.0,4,1842,4.0,1809.0,4,1738.0
서울특별시 노원구 중계1동,2.0,1486.0,4,3921.0,2.0,1504.0,3.0,3209.0,2.0,1577.0,4,4215.0,2.0,1560.0,4,4074,2.0,1497.0,4,3861.0
서울특별시 노원구 중계2·3동,8.0,4955.0,9,5027.0,8.0,4909.0,8.0,4683.0,9.0,5668.0,9,5477.0,9.0,5430.0,9,5239,9.0,5231.0,9,5075.0
서울특별시 노원구 중계4동,5.0,3585.0,6,4063.0,5.0,3558.0,6.0,4443.0,6.0,4464.0,6,4433.0,6.0,4405.0,6,4238,6.0,4209.0,6,4051.0
서울특별시 노원구 중계본동,4.0,2996.0,5,3282.0,4.0,2993.0,5.0,3892.0,4.0,2901.0,5,3737.0,5.0,3754.0,5,3525,5.0,3508.0,5,3285.0
서울특별시 노원구 하계1동,4.0,1491.0,9,5469.0,4.0,1859.0,7.0,4779.0,6.0,3711.0,9,6585.0,7.0,4451.0,9,5949,8.0,4873.0,9,5529.0
서울특별시 노원구 하계2동,2.0,1028.0,3,2282.0,2.0,1028.0,3.0,2550.0,2.0,987.0,3,2516.0,2.0,978.0,3,2420,2.0,999.0,3,2277.0
서울특별시 도봉구 도봉1동,3.0,1347.0,4,1213.0,4.0,1467.0,4.0,1361.0,4.0,1350.0,4,1332.0,4.0,1309.0,4,1256,4.0,1252.0,4,1234.0
서울특별시 도봉구 도봉2동,2.0,927.0,3,1467.0,2.0,922.0,3.0,1832.0,3.0,1795.0,3,1662.0,3.0,1634.0,3,1588,3.0,1589.0,3,1490.0
서울특별시 도봉구 방학1동,3.0,2226.0,3,1714.0,3.0,2184.0,3.0,2179.0,3.0,2158.0,3,2045.0,3.0,2017.0,3,1894,3.0,1864.0,3,1735.0
서울특별시 도봉구 방학2동,2.0,1126.0,2,941.0,2.0,1130.0,2.0,1027.0,2.0,1026.0,2,988.0,2.0,988.0,2,979,2.0,976.0,2,944.0
서울특별시 도봉구 방학3동,3.0,1392.0,4,1986.0,4.0,2376.0,4.0,2302.0,4.0,2310.0,4,2233.0,4.0,2223.0,4,2121,4.0,2099.0,4,1998.0
서울특별시 도봉구 쌍문1동,5.0,3287.0,5,2722.0,5.0,3270.0,5.0,3064.0,5.0,3054.0,5,2955.0,5.0,2942.0,5,2863,5.0,2834.0,5,2751.0
서울특별시 도봉구 쌍문2동,2.0,1469.0,2,1316.0,2.0,1464.0,2.0,1415.0,2.0,1403.0,2,1415.0,2.0,1409.0,2,1391,2.0,1391.0,2,1332.0
서울특별시 도봉구 쌍문3동,1.0,530.0,1,470.0,1.0,523.0,1.0,520.0,1.0,514.0,1,501.0,1.0,501.0,1,507,1.0,501.0,1,476.0
서울특별시 도봉구 쌍문4동,6.0,3731.0,7,4447.0,6.0,3697.0,6.0,3556.0,6.0,3516.0,7,4610.0,6.0,3491.0,7,4579,6.0,3422.0,7,4494.0
서울특별시 도봉구 창1동,3.0,2314.0,4,2925.0,3.0,2298.0,3.0,2201.0,3.0,2190.0,4,3209.0,3.0,2119.0,4,3071,3.0,2018.0,4,2954.0
서울특별시 도봉구 창2동,,,1,890.0,,,1.0,947.0,1.0,946.0,1,938.0,1.0,941.0,1,935,1.0,924.0,1,894.0
서울특별시 도봉구 창3동,2.0,822.0,2,615.0,2.0,811.0,2.0,746.0,2.0,735.0,2,678.0,2.0,664.0,2,642,2.0,635.0,2,627.0
서울특별시 도봉구 창4동,5.0,3116.0,5,2613.0,5.0,3103.0,5.0,2926.0,5.0,2913.0,5,2834.0,5.0,2814.0,5,2718,5.0,2705.0,5,2650.0
서울특별시 도봉구 창5동,3.0,1328.0,3,1061.0,3.0,1318.0,3.0,1252.0,3.0,1237.0,3,1191.0,3.0,1172.0,3,1152,3.0,1132.0,3,1081.0
서울특별시 동대문구 답십리1동,3.0,1816.0,3,1776.0,3.0,1816.0,3.0,1727.0,3.0,1702.0,3,1698.0,3.0,1674.0,3,1760,3.0,1690.0,3,1729.0
서울특별시 동대문구 답십리2동,1.0,508.0,2,1573.0,1.0,514.0,2.0,1621.0,1.0,488.0,2,1589.0,1.0,473.0,2,1588,1.0,493.0,2,1582.0
서울특별시 동대문구 용신동,3.0,1749.0,3,1495.0,3.0,1727.0,3.0,1669.0,3.0,1657.0,3,1540.0,3.0,1514.0,3,1577,3.0,1561.0,3,1537.0
서울특별시 동대문구 이문2동,2.0,1514.0,2,1172.0,2.0,1479.0,2.0,1426.0,2.0,1422.0,2,1335.0,2.0,1301.0,2,1266,2.0,1254.0,2,1200.0
서울특별시 동대문구 장안1동,2.0,1022.0,3,2026.0,2.0,1017.0,3.0,2067.0,2.0,1003.0,3,2092.0,2.0,1031.0,3,2084,2.0,1018.0,3,2039.0
서울특별시 동대문구 장안2동,3.0,2091.0,3,2151.0,3.0,2081.0,3.0,2082.0,3.0,2058.0,3,2102.0,3.0,2084.0,3,2111,3.0,2095.0,3,2152.0
서울특별시 동대문구 전농1동,2.0,1443.0,2,1739.0,2.0,1440.0,2.0,1482.0,2.0,1474.0,2,1572.0,2.0,1561.0,2,1628,1.0,590.0,2,1630.0
서울특별시 동대문구 전농2동,9.0,5357.0,9,4237.0,9.0,5314.0,9.0,5105.0,9.0,5082.0,9,4889.0,9.0,4824.0,9,4504,9.0,4460.0,9,4269.0
서울특별시 동대문구 제기동,4.0,1347.0,5,1431.0,4.0,1324.0,4.0,1247.0,4.0,1233.0,4,1171.0,4.0,1157.0,4,1115,4.0,1167.0,5,1449.0
서울특별시 동대문구 청량리동,1.0,453.0,1,375.0,1.0,449.0,1.0,450.0,1.0,442.0,1,447.0,1.0,444.0,1,421,1.0,419.0,1,375.0
서울특별시 동대문구 회기동,9.0,5528.0,9,5044.0,9.0,5517.0,9.0,5280.0,9.0,5279.0,9,5207.0,9.0,5165.0,9,5097,9.0,5076.0,9,5073.0
서울특별시 동대문구 휘경2동,5.0,2328.0,5,2186.0,5.0,2334.0,5.0,2307.0,5.0,2298.0,5,2277.0,5.0,2253.0,5,2259,5.0,2244.0,5,2205.0
서울특별시 동작구 노량진1동,4.0,1784.0,4,1399.0,4.0,1754.0,4.0,1728.0,4.0,1721.0,4,1676.0,4.0,1638.0,4,1582,4.0,1555.0,4,1437.0
서울특별시 동작구 대방동,8.0,3706.0,12,6947.0,8.0,3743.0,10.0,5902.0,8.0,3589.0,12,7928.0,8.0,3429.0,12,7523,9.0,4264.0,12,7022.0
서울특별시 동작구 사당1동,1.0,587.0,1,487.0,1.0,565.0,1.0,545.0,1.0,541.0,1,525.0,1.0,509.0,1,527,1.0,510.0,1,502.0
서울특별시 동작구 사당2동,3.0,1389.0,3,1549.0,3.0,1363.0,3.0,1355.0,3.0,1353.0,3,1396.0,3.0,1407.0,3,1545,3.0,1536.0,3,1576.0
서울특별시 동작구 사당3동,2.0,1177.0,3,1901.0,2.0,1157.0,3.0,2122.0,3.0,2089.0,3,2102.0,3.0,2057.0,3,2037,3.0,1997.0,3,1932.0
서울특별시 동작구 사당4동,1.0,373.0,1,283.0,1.0,366.0,1.0,336.0,1.0,329.0,1,333.0,1.0,326.0,1,304,1.0,300.0,1,281.0
서울특별시 동작구 사당5동,4.0,2021.0,4,1835.0,4.0,2005.0,4.0,1982.0,4.0,2012.0,4,1988.0,4.0,1974.0,4,1921,4.0,1898.0,4,1868.0
서울특별시 동작구 상도1동,3.0,2388.0,3,1956.0,3.0,2356.0,3.0,2283.0,3.0,2262.0,3,2205.0,3.0,2152.0,3,2102,3.0,2073.0,3,1987.0
서울특별시 동작구 상도2동,1.0,657.0,2,1999.0,1.0,650.0,2.0,2033.0,1.0,651.0,2,2069.0,1.0,632.0,2,2066,1.0,599.0,2,2037.0
서울특별시 동작구 상도3동,1.0,368.0,1,371.0,1.0,373.0,1.0,382.0,1.0,382.0,1,370.0,1.0,368.0,1,372,1.0,368.0,1,371.0
서울특별시 동작구 상도4동,2.0,346.0,3,1257.0,2.0,438.0,3.0,1440.0,3.0,1420.0,3,1368.0,3.0,1353.0,3,1319,3.0,1315.0,3,1248.0
서울특별시 동작구 신대방1동,2.0,1390.0,2,1116.0,2.0,1384.0,2.0,1313.0,2.0,1300.0,2,1246.0,2.0,1232.0,2,1171,2.0,1178.0,2,1129.0
서울특별시 동작구 신대방2동,2.0,1380.0,3,2473.0,2.0,1377.0,3.0,2856.0,2.0,1359.0,3,2755.0,2.0,1285.0,3,2655,2.0,1204.0,3,2488.0
서울특별시 동작구 흑석동,4.0,2600.0,4,2698.0,4.0,2576.0,4.0,2598.0,4.0,2582.0,4,2637.0,4.0,2583.0,4,2611,4.0,2554.0,4,2709.0
서울특별시 마포구 공덕동,2.0,1193.0,2,1162.0,2.0,1193.0,2.0,1138.0,2.0,1123.0,2,1131.0,2.0,1123.0,2,1171,2.0,1159.0,2,1174.0
서울특별시 마포구 대흥동,3.0,919.0,3,1064.0,3.0,912.0,3.0,909.0,3.0,932.0,3,1024.0,3.0,1028.0,3,1049,3.0,1056.0,3,1075.0
서울특별시 마포구 도화동,1.0,830.0,1,681.0,1.0,823.0,1.0,770.0,1.0,765.0,1,770.0,1.0,759.0,1,752,1.0,719.0,1,694.0
서울특별시 마포구 망원2동,1.0,324.0,2,1007.0,2.0,1312.0,2.0,1207.0,2.0,1186.0,2,1128.0,2.0,1128.0,2,1079,2.0,1065.0,2,1027.0
서울특별시 마포구 상암동,3.0,2394.0,5,3441.0,3.0,2400.0,5.0,4268.0,4.0,3131.0,5,3911.0,4.0,2801.0,5,3662,4.0,2581.0,5,3465.0
서울특별시 마포구 서강동,,,1,1050.0,,,1.0,1008.0,,,1,984.0,1.0,973.0,1,1022,,,1,1056.0
서울특별시 마포구 서교동,1.0,641.0,1,360.0,1.0,640.0,1.0,565.0,1.0,559.0,1,508.0,1.0,499.0,1,441,1.0,434.0,1,376.0
서울특별시 마포구 성산1동,5.0,2797.0,5,2494.0,5.0,2769.0,5.0,2698.0,5.0,2693.0,5,2653.0,5.0,2630.0,5,2599,5.0,2599.0,5,2511.0
서울특별시 마포구 성산2동,6.0,3335.0,6,2689.0,6.0,3438.0,6.0,3236.0,6.0,3215.0,6,3127.0,6.0,3097.0,6,3013,6.0,2971.0,6,2729.0
서울특별시 마포구 신수동,4.0,2362.0,4,2201.0,4.0,2368.0,4.0,2354.0,4.0,2342.0,4,2344.0,4.0,2327.0,4,2269,4.0,2246.0,4,2222.0
서울특별시 마포구 아현동,3.0,1416.0,4,1444.0,3.0,1406.0,3.0,1411.0,3.0,1410.0,3,1445.0,3.0,1420.0,3,1385,3.0,1356.0,3,1462.0
서울특별시 마포구 연남동,3.0,1369.0,3,1264.0,3.0,1364.0,3.0,1354.0,3.0,1348.0,3,1314.0,3.0,1316.0,3,1314,3.0,1296.0,3,1277.0
서울특별시 마포구 염리동,7.0,4229.0,7,4696.0,7.0,4168.0,7.0,4370.0,7.0,4321.0,7,4615.0,7.0,4699.0,7,4753,7.0,4670.0,7,4772.0
서울특별시 마포구 용강동,,,1,1431.0,,,1.0,1415.0,,,1,1420.0,,,1,1446,,,1,1447.0
서울특별시 마포구 합정동,2.0,1371.0,2,1094.0,2.0,1345.0,2.0,1297.0,2.0,1277.0,2,1232.0,2.0,1229.0,2,1182,2.0,1175.0,2,1116.0
서울특별시 서대문구 남가좌1동,,,1,1715.0,,,1.0,1639.0,,,1,1698.0,,,1,1695,,,1,1732.0
서울특별시 서대문구 남가좌2동,1.0,803.0,2,2261.0,1.0,805.0,2.0,2240.0,1.0,794.0,2,2199.0,1.0,725.0,2,2270,1.0,720.0,2,2278.0
서울특별시 서대문구 북가좌1동,2.0,1362.0,3,2509.0,2.0,1351.0,3.0,2633.0,2.0,1343.0,3,2592.0,2.0,1349.0,3,2541,2.0,1313.0,3,2510.0
서울특별시 서대문구 북아현동,3.0,1544.0,3,1634.0,3.0,1530.0,3.0,1519.0,3.0,1605.0,3,1685.0,3.0,1663.0,3,1690,3.0,1669.0,3,1664.0
서울특별시 서대문구 신촌동,4.0,1016.0,5,2144.0,4.0,1091.0,4.0,1076.0,4.0,1074.0,5,2142.0,4.0,1071.0,5,2165,4.0,1070.0,5,2176.0
서울특별시 서대문구 연희동,4.0,1980.0,4,1533.0,4.0,1992.0,4.0,1876.0,4.0,1889.0,4,1800.0,4.0,1788.0,4,1653,4.0,1625.0,4,1555.0
서울특별시 서대문구 천연동,3.0,1274.0,3,1076.0,3.0,1267.0,3.0,1216.0,3.0,1212.0,3,1158.0,3.0,1146.0,3,1081,3.0,1067.0,3,1089.0
서울특별시 서대문구 충현동,7.0,3167.0,7,2775.0,7.0,3137.0,7.0,2999.0,7.0,2997.0,7,2916.0,7.0,2891.0,7,2863,7.0,2830.0,7,2794.0
서울특별시 서대문구 홍은1동,1.0,859.0,1,838.0,1.0,859.0,1.0,841.0,1.0,842.0,1,830.0,1.0,825.0,1,832,1.0,825.0,1,854.0
서울특별시 서대문구 홍은2동,5.0,2890.0,6,4054.0,5.0,2843.0,5.0,2841.0,5.0,2804.0,6,4076.0,5.0,2770.0,6,4032,5.0,2753.0,6,4067.0
서울특별시 서대문구 홍제1동,2.0,1266.0,2,1109.0,2.0,1268.0,2.0,1243.0,2.0,1223.0,2,1200.0,2.0,1198.0,2,1151,2.0,1147.0,2,1118.0
서울특별시 서대문구 홍제3동,3.0,1348.0,3,1208.0,3.0,1327.0,3.0,1276.0,3.0,1258.0,3,1165.0,3.0,1143.0,3,1200,3.0,1207.0,3,1220.0
서울특별시 서초구 내곡동,2.0,231.0,4,1731.0,3.0,473.0,4.0,1717.0,3.0,570.0,4,1802.0,3.0,598.0,4,1788,3.0,641.0,4,1767.0
서울특별시 서초구 반포1동,2.0,1839.0,5,5662.0,2.0,1795.0,5.0,5671.0,1.0,797.0,5,5709.0,1.0,758.0,5,5822,1.0,714.0,5,5678.0
서울특별시 서초구 반포2동,2.0,1443.0,3,3163.0,2.0,1428.0,3.0,2806.0,2.0,1349.0,3,2730.0,2.0,1328.0,3,3078,2.0,1422.0,3,3129.0
서울특별시 서초구 반포3동,1.0,953.0,2,2419.0,1.0,953.0,2.0,2314.0,1.0,979.0,2,2410.0,,,2,2371,,,2,2421.0
서울특별시 서초구 반포4동,1.0,541.0,1,543.0,1.0,535.0,1.0,518.0,1.0,524.0,1,554.0,1.0,559.0,1,560,1.0,556.0,1,549.0
서울특별시 서초구 반포본동,3.0,2419.0,5,3059.0,3.0,2398.0,3.0,2343.0,3.0,2364.0,5,4395.0,3.0,2232.0,5,3575,3.0,1435.0,5,3067.0
서울특별시 서초구 방배1동,1.0,883.0,1,965.0,1.0,873.0,1.0,873.0,1.0,899.0,1,906.0,1.0,932.0,1,979,1.0,955.0,1,967.0
서울특별시 서초구 방배2동,2.0,1056.0,3,1071.0,2.0,1050.0,2.0,993.0,2.0,1000.0,2,994.0,2.0,982.0,2,977,2.0,979.0,2,1001.0
서울특별시 서초구 방배3동,3.0,1732.0,3,1504.0,3.0,1733.0,3.0,1723.0,3.0,1717.0,3,1710.0,3.0,1669.0,3,1605,3.0,1585.0,3,1526.0
서울특별시 서초구 방배4동,3.0,2588.0,3,2286.0,3.0,2583.0,3.0,2432.0,3.0,2433.0,3,2423.0,3.0,2414.0,3,2374,3.0,2360.0,3,2301.0
서울특별시 서초구 방배본동,,,1,1340.0,,,1.0,1360.0,,,1,1378.0,,,1,1373,,,1,1337.0
서울특별시 서초구 서초1동,2.0,1163.0,2,1089.0,2.0,1157.0,2.0,1162.0,2.0,1168.0,2,1169.0,2.0,1174.0,2,1160,2.0,1148.0,2,1108.0
서울특별시 서초구 서초2동,2.0,1842.0,4,3373.0,3.0,2826.0,3.0,2829.0,2.0,1849.0,3,3139.0,1.0,831.0,3,3462,1.0,859.0,3,3431.0
서울특별시 서초구 서초3동,3.0,2439.0,5,4665.0,3.0,2448.0,3.0,2456.0,3.0,2468.0,5,4823.0,3.0,2419.0,5,4714,3.0,2368.0,5,4718.0
서울특별시 서초구 서초4동,,,2,2063.0,1.0,991.0,2.0,2109.0,,,2,2150.0,,,2,2118,,,2,2086.0
서울특별시 서초구 양재1동,4.0,2722.0,5,3110.0,4.0,2646.0,5.0,3924.0,4.0,2572.0,5,3734.0,4.0,2479.0,5,3456,4.0,2399.0,5,3237.0
서울특별시 서초구 양재2동,3.0,1700.0,3,1457.0,3.0,1685.0,3.0,1536.0,3.0,1525.0,3,1510.0,3.0,1491.0,3,1551,3.0,1517.0,3,1479.0
서울특별시 서초구 잠원동,1.0,819.0,2,2012.0,1.0,815.0,2.0,2275.0,1.0,807.0,2,2198.0,1.0,827.0,2,2102,1.0,808.0,2,1956.0
서울특별시 성동구 금호1가동,2.0,1303.0,2,1151.0,2.0,1281.0,2.0,1224.0,2.0,1224.0,2,1193.0,2.0,1179.0,2,1216,2.0,1211.0,2,1172.0
서울특별시 성동구 금호2·3가동,1.0,600.0,1,571.0,1.0,583.0,1.0,568.0,1.0,547.0,1,545.0,1.0,530.0,1,534,1.0,523.0,1,582.0
서울특별시 성동구 금호4가동,2.0,882.0,2,801.0,2.0,864.0,2.0,830.0,2.0,815.0,2,797.0,2.0,775.0,2,815,2.0,797.0,2,844.0
서울특별시 성동구 마장동,4.0,1708.0,4,1407.0,4.0,1703.0,4.0,1650.0,4.0,1636.0,4,1611.0,4.0,1589.0,4,1503,4.0,1483.0,4,1449.0
서울특별시 성동구 사근동,4.0,1602.0,5,2433.0,4.0,1582.0,4.0,1555.0,4.0,1541.0,5,2523.0,5.0,2480.0,5,2512,5.0,2465.0,5,2454.0
서울특별시 성동구 성수1가1동,3.0,1015.0,4,1559.0,3.0,1007.0,4.0,1915.0,4.0,1877.0,4,1780.0,4.0,1749.0,4,1675,4.0,1660.0,4,1586.0
서울특별시 성동구 성수1가2동,2.0,771.0,2,647.0,2.0,777.0,2.0,756.0,2.0,747.0,2,698.0,2.0,692.0,2,682,2.0,679.0,2,644.0
서울특별시 성동구 성수2가1동,3.0,870.0,3,638.0,3.0,866.0,3.0,811.0,3.0,803.0,3,765.0,3.0,754.0,3,722,3.0,709.0,3,647.0
서울특별시 성동구 성수2가3동,1.0,310.0,1,243.0,1.0,302.0,1.0,280.0,1.0,270.0,1,276.0,1.0,271.0,1,257,1.0,250.0,1,245.0
서울특별시 성동구 송정동,1.0,314.0,1,240.0,1.0,307.0,1.0,285.0,1.0,277.0,1,269.0,1.0,263.0,1,260,1.0,253.0,1,250.0
서울특별시 성동구 옥수동,4.0,2480.0,4,2025.0,4.0,2429.0,4.0,2406.0,4.0,2360.0,4,2319.0,4.0,2267.0,4,2268,4.0,2214.0,4,2090.0
서울특별시 성동구 왕십리2동,1.0,501.0,1,447.0,1.0,500.0,1.0,498.0,1.0,486.0,1,449.0,1.0,450.0,1,457,1.0,448.0,1,458.0
서울특별시 성동구 왕십리도선동,2.0,1275.0,2,1305.0,2.0,1262.0,2.0,1261.0,2.0,1249.0,2,1290.0,2.0,1272.0,2,1344,2.0,1327.0,2,1341.0
서울특별시 성동구 용답동,1.0,310.0,1,216.0,1.0,304.0,1.0,266.0,1.0,262.0,1,248.0,1.0,241.0,1,230,1.0,225.0,1,215.0
서울특별시 성동구 응봉동,2.0,1777.0,2,1447.0,2.0,1769.0,2.0,1657.0,2.0,1647.0,2,1581.0,2.0,1577.0,2,1548,2.0,1528.0,2,1462.0
서울특별시 성동구 행당1동,1.0,724.0,1,706.0,1.0,721.0,1.0,678.0,1.0,672.0,1,699.0,1.0,692.0,1,726,1.0,713.0,1,720.0
서울특별시 성동구 행당2동,3.0,2365.0,3,1872.0,3.0,2327.0,3.0,2164.0,3.0,2148.0,3,2063.0,3.0,2035.0,3,1966,3.0,1936.0,3,1879.0
서울특별시 성북구 길음1동,2.0,1681.0,5,5156.0,2.0,1667.0,5.0,5469.0,2.0,1656.0,5,5383.0,2.0,1695.0,5,5309,2.0,1692.0,5,5180.0
서울특별시 성북구 돈암1동,2.0,1554.0,2,1360.0,2.0,1555.0,2.0,1457.0,2.0,1432.0,2,1412.0,2.0,1399.0,2,1397,2.0,1398.0,2,1377.0
서울특별시 성북구 돈암2동,4.0,1876.0,5,2358.0,4.0,1848.0,5.0,2234.0,5.0,2196.0,5,2345.0,5.0,2323.0,5,2367,5.0,2348.0,5,2368.0
서울특별시 성북구 동선동,3.0,1860.0,5,3293.0,3.0,1841.0,5.0,3908.0,3.0,1743.0,5,3698.0,4.0,2611.0,5,3526,4.0,2492.0,5,3347.0
서울특별시 성북구 보문동,2.0,898.0,2,902.0,2.0,884.0,2.0,876.0,2.0,856.0,2,878.0,2.0,867.0,2,899,2.0,893.0,2,917.0
서울특별시 성북구 삼선동,4.0,2494.0,4,2036.0,4.0,2472.0,4.0,2363.0,4.0,2362.0,4,2281.0,4.0,2272.0,4,2175,4.0,2150.0,4,2044.0
서울특별시 성북구 석관동,3.0,1903.0,3,1831.0,3.0,1900.0,3.0,1864.0,3.0,1853.0,3,1873.0,3.0,1867.0,3,1823,3.0,1812.0,3,1834.0
서울특별시 성북구 성북동,5.0,1387.0,6,1417.0,5.0,1447.0,5.0,1365.0,5.0,1359.0,5,1345.0,5.0,1342.0,5,1265,5.0,1251.0,6,1447.0
서울특별시 성북구 안암동,3.0,1443.0,3,1289.0,3.0,1444.0,3.0,1330.0,3.0,1331.0,3,1281.0,3.0,1291.0,3,1251,3.0,1292.0,3,1307.0
서울특별시 성북구 월곡1동,3.0,1529.0,4,2630.0,3.0,1540.0,4.0,2840.0,3.0,1531.0,4,2733.0,3.0,1502.0,4,2788,3.0,1628.0,4,2681.0
서울특별시 성북구 월곡2동,1.0,539.0,1,503.0,1.0,535.0,1.0,538.0,1.0,543.0,1,535.0,1.0,525.0,1,510,1.0,509.0,1,500.0
서울특별시 성북구 장위1동,2.0,1140.0,2,1413.0,2.0,1161.0,2.0,1153.0,2.0,1148.0,2,1386.0,2.0,1400.0,2,1449,2.0,1434.0,2,1425.0
서울특별시 성북구 장위2동,2.0,1115.0,2,770.0,2.0,1103.0,2.0,979.0,2.0,983.0,2,928.0,2.0,927.0,2,860,2.0,845.0,2,786.0
서울특별시 성북구 장위3동,3.0,1428.0,3,1715.0,3.0,1435.0,3.0,1592.0,3.0,1573.0,3,1645.0,3.0,1643.0,3,1718,3.0,1704.0,3,1737.0
서울특별시 성북구 정릉2동,1.0,291.0,2,1320.0,1.0,284.0,2.0,1473.0,1.0,242.0,2,1425.0,1.0,231.0,2,1408,1.0,241.0,2,1326.0
서울특별시 성북구 정릉3동,4.0,2497.0,4,2020.0,4.0,2488.0,4.0,2298.0,4.0,2298.0,4,2239.0,4.0,2225.0,4,2109,4.0,2097.0,4,2038.0
서울특별시 성북구 정릉4동,2.0,1578.0,2,1323.0,2.0,1568.0,2.0,1533.0,2.0,1537.0,2,1466.0,2.0,1437.0,2,1416,2.0,1408.0,2,1351.0
서울특별시 성북구 종암동,5.0,3656.0,5,3110.0,5.0,3663.0,5.0,3546.0,5.0,3523.0,5,3385.0,5.0,3373.0,5,3262,5.0,3265.0,5,3138.0
서울특별시 송파구 가락1동,3.0,1586.0,3,2513.0,3.0,1780.0,3.0,2090.0,3.0,2078.0,3,2266.0,2.0,1193.0,3,2440,2.0,1270.0,3,2525.0
서울특별시 송파구 가락2동,2.0,1867.0,3,2464.0,3.0,2860.0,3.0,2733.0,3.0,2740.0,3,2693.0,3.0,2676.0,3,2592,3.0,2595.0,3,2459.0
서울특별시 송파구 가락본동,4.0,1823.0,4,1546.0,4.0,1804.0,4.0,1699.0,4.0,1701.0,4,1656.0,4.0,1641.0,4,1632,4.0,1622.0,4,1560.0
서울특별시 송파구 거여1동,1.0,599.0,2,954.0,1.0,599.0,1.0,543.0,1.0,541.0,1,493.0,1.0,490.0,2,1004,2.0,983.0,2,977.0
서울특별시 송파구 거여2동,2.0,1104.0,2,1051.0,2.0,1093.0,2.0,997.0,2.0,996.0,2,1227.0,1.0,469.0,2,1117,2.0,1114.0,2,1066.0
서울특별시 송파구 마천1동,1.0,995.0,1,800.0,1.0,976.0,1.0,912.0,1.0,972.0,1,883.0,1.0,875.0,1,884,1.0,864.0,1,807.0
서울특별시 송파구 마천2동,1.0,518.0,1,320.0,1.0,504.0,1.0,453.0,1.0,446.0,1,406.0,1.0,393.0,1,364,1.0,352.0,1,329.0
서울특별시 송파구 문정1동,4.0,2841.0,4,2391.0,4.0,2821.0,4.0,2680.0,4.0,2651.0,4,2578.0,4.0,2559.0,4,2476,4.0,2431.0,4,2408.0
서울특별시 송파구 문정2동,1.0,630.0,1,622.0,1.0,617.0,1.0,627.0,1.0,629.0,1,653.0,1.0,643.0,1,639,1.0,623.0,1,627.0
서울특별시 송파구 방이1동,4.0,2600.0,4,2417.0,4.0,2603.0,4.0,2507.0,4.0,2508.0,4,2468.0,4.0,2468.0,4,2427,4.0,2415.0,4,2435.0
서울특별시 송파구 방이2동,1.0,409.0,1,319.0,1.0,412.0,1.0,404.0,1.0,412.0,1,387.0,1.0,394.0,1,365,1.0,360.0,1,319.0
서울특별시 송파구 삼전동,3.0,2360.0,3,1944.0,3.0,2355.0,3.0,2263.0,3.0,2262.0,3,2217.0,3.0,2187.0,3,2102,3.0,2075.0,3,1976.0
서울특별시 송파구 석촌동,1.0,897.0,1,686.0,1.0,892.0,1.0,824.0,1.0,816.0,1,773.0,1.0,755.0,1,744,1.0,722.0,1,693.0
서울특별시 송파구 송파1동,1.0,686.0,1,544.0,1.0,664.0,1.0,637.0,1.0,630.0,1,612.0,1.0,597.0,1,569,1.0,562.0,1,548.0
서울특별시 송파구 송파2동,5.0,3724.0,6,3965.0,5.0,3663.0,6.0,4535.0,5.0,3477.0,6,4411.0,5.0,3340.0,6,4143,5.0,3067.0,6,3977.0
서울특별시 송파구 오금동,8.0,4599.0,9,5210.0,8.0,4600.0,8.0,4469.0,8.0,4473.0,9,5521.0,8.0,4383.0,9,5341,8.0,4205.0,9,5245.0
서울특별시 송파구 오륜동,8.0,4399.0,8,3659.0,8.0,4401.0,8.0,4274.0,8.0,4313.0,8,4194.0,8.0,4142.0,8,3859,8.0,3832.0,8,3649.0
서울특별시 송파구 위례동,2.0,1608.0,6,5975.0,2.0,1585.0,4.0,4252.0,1.0,370.0,4,4361.0,1.0,222.0,6,5645,3.0,1239.0,6,6001.0
서울특별시 송파구 잠실2동,2.0,1133.0,6,6384.0,2.0,1113.0,6.0,7041.0,2.0,1101.0,6,6858.0,2.0,1099.0,6,6668,2.0,1097.0,6,6436.0
서울특별시 송파구 잠실3동,2.0,1335.0,4,3034.0,2.0,1344.0,4.0,3327.0,3.0,2282.0,4,3342.0,3.0,2217.0,4,3230,3.0,2137.0,4,3065.0
서울특별시 송파구 잠실4동,2.0,1492.0,3,2395.0,2.0,1461.0,3.0,2583.0,2.0,1504.0,3,2663.0,2.0,1514.0,3,2627,2.0,1516.0,3,2456.0
서울특별시 송파구 잠실6동,1.0,756.0,2,2027.0,1.0,762.0,2.0,1897.0,1.0,812.0,2,1975.0,1.0,840.0,2,1986,1.0,859.0,2,2052.0
서울특별시 송파구 잠실7동,3.0,2000.0,4,2711.0,3.0,1995.0,3.0,1973.0,3.0,2008.0,4,2942.0,4.0,2934.0,4,2786,4.0,2761.0,4,2717.0
서울특별시 송파구 잠실본동,1.0,685.0,1,511.0,1.0,668.0,1.0,619.0,1.0,616.0,1,566.0,1.0,561.0,1,525,1.0,524.0,1,516.0
서울특별시 송파구 장지동,4.0,2287.0,4,2158.0,4.0,2441.0,4.0,2306.0,4.0,2322.0,4,2284.0,4.0,2269.0,4,2204,4.0,2189.0,4,2170.0
서울특별시 송파구 풍납1동,2.0,538.0,2,372.0,2.0,551.0,2.0,487.0,2.0,468.0,2,452.0,2.0,444.0,2,414,2.0,403.0,2,371.0
서울특별시 송파구 풍납2동,6.0,3131.0,6,2746.0,6.0,3100.0,6.0,3072.0,6.0,3052.0,6,2970.0,6.0,2923.0,6,2853,6.0,2818.0,6,2779.0
서울특별시 양천구 목1동,1.0,766.0,4,5096.0,1.0,778.0,3.0,3861.0,1.0,800.0,4,5146.0,1.0,837.0,4,5112,1.0,856.0,4,5045.0
서울특별시 양천구 목2동,1.0,734.0,2,1660.0,1.0,731.0,2.0,1823.0,1.0,666.0,2,1751.0,1.0,630.0,2,1687,1.0,631.0,2,1639.0
서울특별시 양천구 목3동,1.0,770.0,1,625.0,1.0,765.0,1.0,719.0,1.0,716.0,1,721.0,1.0,718.0,1,692,1.0,687.0,1,632.0
서울특별시 양천구 목4동,2.0,1331.0,3,2196.0,2.0,1327.0,3.0,2482.0,2.0,1338.0,3,2394.0,1.0,341.0,3,2295,3.0,2304.0,3,2196.0
서울특별시 양천구 목5동,3.0,1908.0,8,7637.0,3.0,1906.0,7.0,7207.0,3.0,1874.0,8,8077.0,3.0,1731.0,8,7828,4.0,2638.0,8,7532.0
서울특별시 양천구 신월2동,4.0,2731.0,4,2397.0,4.0,2710.0,4.0,2587.0,4.0,2562.0,4,2560.0,4.0,2542.0,4,2427,4.0,2428.0,4,2372.0
서울특별시 양천구 신월3동,7.0,3676.0,7,3190.0,7.0,3642.0,7.0,3545.0,7.0,3511.0,7,3387.0,7.0,3341.0,7,3221,7.0,3184.0,7,3227.0
서울특별시 양천구 신월4동,,,1,937.0,,,1.0,1124.0,,,1,1082.0,,,1,1026,,,1,948.0
서울특별시 양천구 신월5동,3.0,2164.0,3,1707.0,3.0,2157.0,3.0,2063.0,3.0,2058.0,3,2060.0,3.0,2037.0,3,1901,3.0,1896.0,3,1709.0
서울특별시 양천구 신월6동,2.0,1046.0,2,1845.0,2.0,1043.0,2.0,1216.0,2.0,1405.0,2,1627.0,2.0,1613.0,2,1769,2.0,1764.0,2,1849.0
서울특별시 양천구 신월7동,2.0,1434.0,2,1053.0,2.0,1428.0,2.0,1379.0,2.0,1346.0,2,1288.0,2.0,1266.0,2,1195,2.0,1172.0,2,1069.0
서울특별시 양천구 신정1동,1.0,522.0,3,2879.0,1.0,530.0,3.0,2925.0,1.0,563.0,3,3043.0,1.0,602.0,3,2999,1.0,628.0,3,2853.0
서울특별시 양천구 신정2동,,,3,3704.0,,,3.0,3834.0,,,3,3855.0,,,3,3861,,,3,3655.0
서울특별시 양천구 신정3동,8.0,4966.0,10,6165.0,8.0,4931.0,10.0,6672.0,10.0,6641.0,10,6574.0,10.0,6512.0,10,6403,10.0,6361.0,10,6284.0
서울특별시 양천구 신정4동,4.0,2327.0,4,1877.0,4.0,2306.0,4.0,2215.0,4.0,2193.0,4,2071.0,4.0,2041.0,4,1993,4.0,1978.0,4,1900.0
서울특별시 양천구 신정6동,,,2,2320.0,,,1.0,1238.0,,,2,2351.0,,,2,2316,,,2,2324.0
서울특별시 양천구 신정7동,3.0,1639.0,5,3649.0,3.0,1674.0,4.0,2717.0,3.0,1677.0,5,3772.0,3.0,1653.0,5,3754,3.0,1626.0,5,3633.0
서울특별시 영등포구 당산2동,3.0,1295.0,4,2506.0,3.0,1288.0,4.0,2486.0,3.0,1246.0,4,2587.0,3.0,1325.0,4,2607,3.0,1375.0,4,2547.0
서울특별시 영등포구 대림1동,2.0,684.0,2,800.0,2.0,676.0,2.0,652.0,2.0,719.0,2,772.0,2.0,760.0,2,842,2.0,829.0,2,828.0
서울특별시 영등포구 대림2동,2.0,671.0,2,577.0,2.0,647.0,2.0,614.0,2.0,622.0,2,584.0,2.0,575.0,2,549,2.0,549.0,2,576.0
서울특별시 영등포구 대림3동,3.0,1578.0,3,1111.0,3.0,1555.0,3.0,1412.0,3.0,1383.0,3,1292.0,3.0,1277.0,3,1198,3.0,1189.0,3,1132.0
서울특별시 영등포구 문래동,3.0,1575.0,5,3689.0,3.0,1566.0,5.0,3758.0,3.0,1514.0,5,3782.0,3.0,1559.0,5,3776,3.0,1516.0,5,3743.0
서울특별시 영등포구 신길1동,2.0,1019.0,2,900.0,1.0,20.0,2.0,972.0,2.0,950.0,2,889.0,2.0,881.0,2,871,2.0,901.0,2,903.0
서울특별시 영등포구 신길3동,1.0,536.0,1,382.0,1.0,517.0,1.0,476.0,1.0,473.0,1,427.0,1.0,416.0,1,406,1.0,395.0,1,379.0
서울특별시 영등포구 신길4동,1.0,358.0,1,229.0,1.0,356.0,1.0,302.0,1.0,299.0,1,253.0,1.0,248.0,1,231,1.0,231.0,1,234.0
서울특별시 영등포구 신길5동,3.0,1903.0,3,2386.0,3.0,1909.0,3.0,2001.0,3.0,2022.0,3,2211.0,3.0,2198.0,3,2318,3.0,2297.0,3,2386.0
서울특별시 영등포구 신길6동,2.0,1243.0,2,1075.0,2.0,1227.0,2.0,1136.0,2.0,1149.0,2,1114.0,2.0,1101.0,2,1072,2.0,1075.0,2,1077.0
서울특별시 영등포구 신길7동,1.0,516.0,2,2035.0,1.0,513.0,1.0,758.0,1.0,769.0,2,1618.0,1.0,450.0,2,1942,1.0,644.0,2,2043.0
서울특별시 영등포구 양평1동,2.0,1264.0,2,1310.0,2.0,1255.0,2.0,1252.0,2.0,1237.0,2,1274.0,2.0,1281.0,2,1300,2.0,1303.0,2,1317.0
서울특별시 영등포구 양평2동,5.0,2456.0,5,2046.0,5.0,2437.0,5.0,2327.0,5.0,2305.0,5,2220.0,5.0,2218.0,5,2161,5.0,2142.0,5,2071.0
서울특별시 영등포구 여의동,5.0,3230.0,6,3753.0,5.0,3230.0,6.0,4290.0,5.0,3185.0,6,4013.0,5.0,2901.0,6,3856,5.0,2779.0,6,3799.0
서울특별시 영등포구 영등포동,1.0,446.0,1,429.0,1.0,446.0,1.0,409.0,1.0,391.0,1,414.0,1.0,417.0,1,438,1.0,425.0,1,437.0
서울특별시 영등포구 영등포본동,4.0,2654.0,4,1989.0,4.0,2598.0,4.0,2509.0,4.0,2446.0,4,2254.0,4.0,2191.0,4,2082,4.0,2031.0,4,2021.0
서울특별시 용산구 보광동,2.0,961.0,2,722.0,2.0,955.0,2.0,888.0,2.0,883.0,2,840.0,2.0,838.0,2,781,2.0,777.0,2,739.0
서울특별시 용산구 서빙고동,2.0,825.0,2,702.0,2.0,826.0,2.0,792.0,2.0,783.0,2,750.0,2.0,766.0,2,747,2.0,755.0,2,706.0
서울특별시 용산구 용산2가동,4.0,1340.0,5,1800.0,4.0,1350.0,4.0,1279.0,4.0,1256.0,5,2076.0,5.0,2059.0,5,1912,5.0,1900.0,5,1820.0
서울특별시 용산구 원효로1동,1.0,422.0,1,290.0,1.0,423.0,1.0,363.0,1.0,356.0,1,372.0,1.0,361.0,1,311,1.0,318.0,1,300.0
서울특별시 용산구 원효로2동,3.0,1570.0,3,1104.0,3.0,1550.0,3.0,1432.0,3.0,1432.0,3,1341.0,3.0,1325.0,3,1213,3.0,1195.0,3,1126.0
서울특별시 용산구 이촌1동,2.0,1264.0,3,2523.0,2.0,1248.0,3.0,2872.0,2.0,1248.0,3,2840.0,2.0,1248.0,3,2732,2.0,1232.0,3,2616.0
서울특별시 용산구 이태원1동,1.0,344.0,1,230.0,1.0,332.0,1.0,300.0,1.0,294.0,1,278.0,1.0,272.0,1,250,1.0,240.0,1,235.0
서울특별시 용산구 이태원2동,2.0,671.0,2,475.0,2.0,662.0,2.0,584.0,2.0,568.0,2,529.0,2.0,514.0,2,502,2.0,493.0,2,489.0
서울특별시 용산구 청파동,7.0,3068.0,7,2583.0,7.0,3026.0,7.0,2955.0,7.0,2916.0,7,2862.0,7.0,2835.0,7,2719,7.0,2689.0,7,2616.0
서울특별시 용산구 한강로동,2.0,505.0,3,947.0,2.0,488.0,2.0,493.0,2.0,512.0,3,1122.0,3.0,1079.0,3,1036,3.0,999.0,3,1025.0
서울특별시 용산구 한남동,1.0,307.0,1,283.0,1.0,300.0,1.0,284.0,1.0,275.0,1,279.0,1.0,273.0,1,295,1.0,287.0,1,310.0
서울특별시 용산구 효창동,2.0,1185.0,2,986.0,2.0,1192.0,2.0,1162.0,2.0,1156.0,2,1102.0,2.0,1070.0,2,1054,2.0,1051.0,2,1008.0
서울특별시 용산구 후암동,2.0,849.0,2,649.0,2.0,839.0,2.0,756.0,2.0,748.0,2,725.0,2.0,718.0,2,718,2.0,702.0,2,653.0
서울특별시 은평구 갈현2동,7.0,4062.0,10,5899.0,7.0,4025.0,8.0,5115.0,7.0,3802.0,9,6134.0,7.0,3806.0,10,6279,8.0,4006.0,10,5950.0
서울특별시 은평구 구산동,9.0,5219.0,10,5621.0,9.0,5371.0,10.0,6280.0,9.0,5229.0,10,6089.0,9.0,5056.0,10,5847,10.0,5814.0,10,5659.0
서울특별시 은평구 녹번동,3.0,1758.0,3,2169.0,3.0,1746.0,3.0,1782.0,3.0,1875.0,3,1986.0,3.0,2065.0,3,2225,3.0,2193.0,3,2210.0
서울특별시 은평구 대조동,2.0,1322.0,4,1993.0,2.0,1271.0,3.0,1469.0,3.0,1457.0,4,2288.0,4.0,2257.0,4,2097,4.0,2082.0,4,2005.0
서울특별시 은평구 불광1동,3.0,1688.0,3,1297.0,3.0,1654.0,3.0,1575.0,3.0,1540.0,3,1468.0,3.0,1445.0,3,1425,3.0,1394.0,3,1326.0
서울특별시 은평구 불광2동,6.0,2691.0,6,2158.0,6.0,2678.0,6.0,2588.0,6.0,2565.0,6,2481.0,6.0,2459.0,6,2338,6.0,2311.0,6,2161.0
서울특별시 은평구 수색동,1.0,193.0,1,528.0,1.0,181.0,1.0,133.0,1.0,188.0,1,212.0,1.0,211.0,1,244,1.0,243.0,1,271.0
서울특별시 은평구 신사1동,1.0,426.0,1,325.0,1.0,429.0,1.0,395.0,1.0,391.0,1,379.0,1.0,377.0,1,347,1.0,344.0,1,327.0
서울특별시 은평구 신사2동,5.0,2604.0,6,3106.0,5.0,2569.0,5.0,2457.0,5.0,2447.0,6,3313.0,5.0,2264.0,6,3207,5.0,2142.0,6,3132.0
서울특별시 은평구 역촌동,,,1,1284.0,,,1.0,1678.0,,,1,1579.0,,,1,1448,,,1,1300.0
서울특별시 은평구 응암1동,2.0,1225.0,3,2240.0,2.0,1203.0,3.0,2371.0,2.0,1164.0,3,2338.0,2.0,1117.0,3,2326,2.0,1076.0,3,2282.0
서울특별시 은평구 응암2동,1.0,708.0,1,772.0,1.0,706.0,1.0,733.0,1.0,751.0,1,745.0,1.0,738.0,1,816,1.0,801.0,1,788.0
서울특별시 은평구 응암3동,3.0,2004.0,5,3365.0,3.0,1985.0,3.0,2036.0,3.0,2037.0,4,3206.0,3.0,2130.0,4,3235,3.0,2195.0,4,3379.0
서울특별시 은평구 증산동,3.0,1393.0,3,1435.0,3.0,1375.0,3.0,1199.0,3.0,1201.0,3,1135.0,3.0,1135.0,3,1226,3.0,1373.0,3,1414.0
서울특별시 은평구 진관동,6.0,3418.0,11,7727.0,6.0,3400.0,11.0,8890.0,6.0,3333.0,11,8637.0,8.0,5091.0,11,8201,8.0,4738.0,11,7796.0
서울특별시 종로구 가회동,4.0,2141.0,4,1755.0,4.0,2126.0,4.0,2026.0,4.0,2039.0,4,1914.0,4.0,1888.0,4,1818,4.0,1783.0,4,1762.0
서울특별시 종로구 교남동,2.0,1042.0,2,643.0,2.0,1018.0,2.0,960.0,2.0,961.0,2,860.0,2.0,835.0,2,737,2.0,707.0,2,652.0
서울특별시 종로구 무악동,1.0,502.0,1,474.0,1.0,495.0,1.0,496.0,1.0,495.0,1,487.0,1.0,475.0,1,468,1.0,461.0,1,476.0
서울특별시 종로구 부암동,4.0,1869.0,4,1739.0,4.0,1841.0,4.0,1843.0,4.0,1841.0,4,1912.0,4.0,1891.0,4,1885,4.0,1859.0,4,1767.0
서울특별시 종로구 사직동,4.0,1370.0,4,1092.0,4.0,1385.0,4.0,1259.0,4.0,1263.0,4,1251.0,4.0,1236.0,4,1178,4.0,1170.0,4,1111.0
서울특별시 종로구 삼청동,2.0,855.0,2,759.0,2.0,852.0,2.0,784.0,2.0,778.0,2,768.0,2.0,760.0,2,742,2.0,738.0,2,762.0
서울특별시 종로구 숭인2동,1.0,112.0,1,103.0,1.0,112.0,1.0,119.0,1.0,118.0,1,119.0,1.0,118.0,1,116,1.0,108.0,1,108.0
서울특별시 종로구 이화동,2.0,1061.0,2,928.0,2.0,1057.0,2.0,1032.0,2.0,1027.0,2,1027.0,2.0,1025.0,2,975,2.0,979.0,2,930.0
서울특별시 종로구 종로1·2·3·4가동,3.0,369.0,3,461.0,3.0,470.0,3.0,470.0,3.0,466.0,3,476.0,3.0,465.0,3,490,3.0,479.0,3,466.0
서울특별시 종로구 종로5·6가동,1.0,224.0,1,215.0,1.0,228.0,1.0,212.0,1.0,221.0,1,199.0,1.0,202.0,1,189,1.0,198.0,1,209.0
서울특별시 종로구 창신1동,1.0,541.0,1,347.0,1.0,533.0,1.0,469.0,1.0,458.0,1,424.0,1.0,422.0,1,398,1.0,393.0,1,348.0
서울특별시 종로구 창신3동,1.0,392.0,2,555.0,1.0,389.0,2.0,670.0,2.0,663.0,2,668.0,2.0,651.0,2,626,2.0,604.0,2,576.0
서울특별시 종로구 청운효자동,6.0,2239.0,6,2046.0,6.0,2443.0,6.0,2294.0,6.0,2277.0,6,2182.0,6.0,2154.0,6,2162,6.0,2125.0,6,2074.0
서울특별시 종로구 평창동,,,1,1046.0,,,,,,,1,1077.0,,,1,1074,,,1,1059.0
서울특별시 종로구 혜화동,7.0,3498.0,7,2700.0,7.0,3466.0,7.0,3306.0,7.0,3281.0,7,3090.0,7.0,3039.0,7,2874,7.0,2834.0,7,2733.0
서울특별시 중구 광희동,1.0,226.0,1,232.0,1.0,219.0,1.0,231.0,1.0,231.0,1,252.0,1.0,247.0,1,244,1.0,241.0,1,239.0
서울특별시 중구 다산동,4.0,1310.0,4,1111.0,4.0,1309.0,4.0,1271.0,4.0,1255.0,4,1191.0,4.0,1174.0,4,1142,4.0,1127.0,4,1141.0
서울특별시 중구 동화동,2.0,753.0,2,457.0,2.0,743.0,2.0,738.0,2.0,732.0,2,709.0,2.0,694.0,2,578,2.0,571.0,2,457.0
서울특별시 중구 명동,2.0,249.0,2,299.0,2.0,252.0,2.0,245.0,2.0,248.0,2,249.0,2.0,267.0,1,218,2.0,286.0,2,292.0
서울특별시 중구 소공동,4.0,1965.0,5,3076.0,4.0,1942.0,4.0,2005.0,4.0,1995.0,5,3119.0,4.0,1960.0,5,3105,4.0,1912.0,5,3114.0
서울특별시 중구 신당5동,3.0,1013.0,3,887.0,3.0,989.0,3.0,982.0,3.0,910.0,3,828.0,3.0,824.0,3,823,3.0,834.0,3,904.0
서울특별시 중구 신당동,5.0,2917.0,5,1756.0,5.0,2877.0,5.0,2717.0,5.0,2655.0,5,2413.0,5.0,2360.0,5,2064,5.0,1992.0,5,1818.0
서울특별시 중구 장충동,1.0,247.0,1,198.0,1.0,260.0,1.0,222.0,1.0,220.0,1,205.0,1.0,210.0,1,208,1.0,206.0,1,194.0
서울특별시 중구 중림동,3.0,1342.0,4,1281.0,3.0,1340.0,4.0,1629.0,4.0,1615.0,4,1509.0,4.0,1493.0,4,1378,4.0,1359.0,4,1312.0
서울특별시 중구 청구동,3.0,1557.0,4,1746.0,3.0,1557.0,3.0,1445.0,3.0,1412.0,3,1382.0,3.0,1357.0,4,1794,4.0,1771.0,4,1774.0
서울특별시 중구 필동,3.0,1554.0,3,1374.0,3.0,1529.0,3.0,1490.0,3.0,1472.0,3,1466.0,3.0,1434.0,3,1399,3.0,1391.0,3,1375.0
서울특별시 중랑구 망우3동,4.0,2050.0,4,1634.0,4.0,2032.0,4.0,1926.0,4.0,1900.0,4,1783.0,4.0,1750.0,4,1703,4.0,1681.0,4,1654.0
서울특별시 중랑구 망우본동,10.0,4562.0,11,4319.0,10.0,4508.0,10.0,4334.0,10.0,4313.0,10,4168.0,10.0,4150.0,11,4399,11.0,4348.0,11,4379.0
서울특별시 중랑구 면목2동,2.0,1169.0,2,1036.0,2.0,1151.0,2.0,1085.0,2.0,1113.0,2,1069.0,2.0,1057.0,2,1061,2.0,1047.0,2,1051.0
서울특별시 중랑구 면목3·8동,4.0,1984.0,4,1843.0,4.0,1968.0,4.0,1854.0,4.0,1863.0,4,1846.0,4.0,1831.0,4,1804,4.0,1814.0,4,1841.0
서울특별시 중랑구 면목4동,2.0,1510.0,2,1284.0,2.0,1490.0,2.0,1438.0,2.0,1417.0,2,1367.0,2.0,1352.0,2,1308,2.0,1297.0,2,1290.0
서울특별시 중랑구 면목7동,1.0,378.0,1,310.0,1.0,373.0,1.0,344.0,1.0,327.0,1,326.0,1.0,313.0,1,321,1.0,317.0,1,316.0
서울특별시 중랑구 면목본동,2.0,1755.0,2,1573.0,2.0,1742.0,2.0,1655.0,2.0,1695.0,2,1661.0,2.0,1622.0,2,1627,1.0,603.0,2,1590.0
서울특별시 중랑구 묵1동,4.0,2854.0,5,3669.0,4.0,2862.0,5.0,3917.0,4.0,2773.0,5,3861.0,4.0,2752.0,5,3723,4.0,2658.0,5,3672.0
서울특별시 중랑구 묵2동,2.0,1076.0,2,827.0,2.0,1057.0,2.0,987.0,2.0,976.0,2,931.0,2.0,916.0,2,899,2.0,879.0,2,843.0
서울특별시 중랑구 상봉1동,3.0,2006.0,4,3120.0,3.0,1989.0,4.0,3353.0,3.0,1931.0,4,3276.0,3.0,1957.0,4,3229,3.0,2005.0,4,3146.0
서울특별시 중랑구 신내1동,1.0,956.0,2,1516.0,1.0,936.0,2.0,2008.0,1.0,873.0,2,1816.0,1.0,784.0,2,1645,2.0,1610.0,2,1546.0
서울특별시 중랑구 신내2동,3.0,1760.0,3,1566.0,3.0,1734.0,3.0,1664.0,3.0,1638.0,3,1643.0,3.0,1627.0,3,1635,3.0,1604.0,3,1595.0
서울특별시 중랑구 중화1동,6.0,2878.0,6,2467.0,6.0,2857.0,6.0,2788.0,6.0,2752.0,6,2671.0,6.0,2657.0,6,2568,6.0,2538.0,6,2505.0
