행정동,20191,20192,20193,20194,20201,20202,20203,20204,20211,20212,20213,20214,20221,20222,20223,20224,20231,20232,20233,20234,20241,20242
가락1동,20186,26063,27207,27716,28032,28065,27977,27876,27403,27484,27406,27365,27548,27560,27481,27521,27611,27711,27670,27673,27552,27616
가락2동,34155,33999,33915,33920,33776,33503,33258,33204,32971,32808,32662,32406,31946,31822,31738,31670,31573,31507,31450,31386,31341,31249
가락본동,27962,27966,27910,27876,27833,27715,27491,27368,27128,26887,26740,26523,26317,26214,26024,25883,25788,25709,25617,25489,25380,25313
가리봉동,16188,15917,15518,15250,15181,15062,14750,14263,13447,13363,13161,13091,13060,12990,12699,12653,12662,12623,12478,12458,12347,12342
가산동,24638,24522,24497,24455,24732,24830,25762,25973,25863,25937,25956,26179,26363,26539,26619,26569,26631,27043,27166,27152,27468,27425
가양1동,33804,34090,34199,34154,34147,34187,34515,34540,34445,34398,34331,34395,34435,34457,34408,34359,34370,34357,34255,34145,33989,33905
가양2동,15562,15413,15301,15140,15032,14961,14782,14588,14341,14283,14214,14109,13971,14061,13983,13902,13847,13706,13599,13539,13465,13406
가양3동,16467,16445,16277,16199,16101,15976,15778,15583,15415,15346,15267,15138,15004,14924,14743,14678,14560,14505,14321,14207,14114,14058
가회동,4512,4472,4487,4488,4464,4453,4422,4418,4297,4305,4259,4194,4152,4137,4086,4065,4084,4031,3986,3972,3939,3915
갈현1동,25069,24862,24768,24536,24318,23952,23630,23396,23018,22803,22483,22077,21768,21441,20223,17151,15401,14993,14820,14644,14526,14453
갈현2동,30545,30354,30235,30150,30001,29710,29484,29239,28941,28868,28725,28547,28374,28307,28226,28176,28106,27963,27817,27714,27655,27637
강일동,32669,32535,32377,32127,31982,31866,32421,35778,40855,42105,42792,43182,43201,44913,45068,44990,45100,44972,44682,46069,47704,48483
개봉1동,34548,34446,34177,33835,33402,33028,34985,35239,35169,34945,34694,34560,34433,34358,34232,34105,34139,34100,34067,33907,33696,33560
개봉2동,33576,33561,33428,33036,32786,32560,32413,32218,31823,31585,31467,31314,31144,30967,30910,30665,30511,30572,30382,30158,30009,29951
개봉3동,22123,22184,22176,22005,21894,21899,21467,21284,20931,20729,20648,20590,20602,20570,20353,20251,20216,20224,20136,19985,19880,19821
개포1동,7272,7076,7028,6920,6890,6853,6787,6670,6560,6500,6432,6489,6982,7021,6928,6922,6912,6891,6909,11907,23264,25323
개포2동,15551,18188,19915,22049,22510,22540,22471,22297,22166,21939,26893,27945,28240,28170,28276,29032,34192,38873,40944,41804,41861,41972
개포4동,18697,18550,18485,18405,18282,18216,18391,22765,23868,23917,23893,23870,23790,23761,23763,23639,23614,23570,23597,23384,23267,23245
거여1동,13337,13277,13273,13221,13163,13183,13108,13077,12855,12769,12732,12614,12454,12407,12316,12255,12260,12183,12113,12100,12002,11936
거여2동,17173,17163,17047,16921,16852,16779,19218,19330,19128,19091,18965,18806,22819,23501,23664,23745,23746,23805,23696,23653,23569,23536
고덕1동,27360,27405,27334,27079,26753,26536,26423,26103,25500,25208,24919,24417,24074,23935,23850,23919,23937,23981,24040,24070,23979,23943
고덕2동,7521,7349,7419,19345,21130,21306,21906,22568,22657,22630,22539,22329,22545,22645,22696,22764,22904,22890,22928,22942,24481,25109
고척1동,24510,24427,24293,24182,24080,23966,23682,23547,23169,23006,22839,22657,22389,22178,22039,25636,26193,26525,26614,26690,26822,26938
고척2동,29345,29225,29019,28950,28656,28415,28105,27853,27566,27395,27247,27092,26993,26879,26712,26557,26504,26451,26407,26250,26152,26083
공덕동,40625,40680,40603,40509,40430,40052,39450,38750,38200,37951,37916,37792,37726,37680,37599,37476,37393,37388,37244,37123,37038,36947
공릉1동,39787,39522,39256,39040,38853,38731,38544,38324,37961,37732,37593,37277,37388,37356,37286,37184,37145,36967,36867,36683,36687,36590
공릉2동,41362,41310,41184,41071,40688,40652,40470,40360,39895,39825,39465,41004,42389,42466,42528,42538,42672,42565,42448,42361,42326,42337
공항동,28713,28527,28336,28261,28129,28016,27748,27627,29402,31363,31526,31483,31297,31270,31050,30927,30724,30550,30316,30035,29982,29955
관악구 신사동,17761,17651,17623,17546,17487,17270,17146,16914,25008,25035,24921,24838,24955,25020,24839,24719,24760,24810,24630,24414,24400,24410
광장동,36197,36171,36180,36083,36051,35934,35869,35619,35355,35193,35004,34834,34719,34523,34445,34362,34245,34237,34296,34210,34133,34103
광희동,6148,6247,6221,6284,6427,6463,6364,6416,6516,6349,6292,6340,6326,6451,6587,6682,7013,7113,7117,7198,7116,7070
교남동,10848,10760,10779,10708,10750,10686,10660,10634,10384,10321,10229,10203,10148,10108,10048,9994,9925,9916,9870,9889,9860,9851
구로1동,21807,21849,22120,22097,21951,21931,21857,21632,21486,21320,21216,21166,21132,21091,21023,20936,20816,20814,20756,20705,20689,20687
구로2동,36210,35948,35481,35208,34927,34406,33732,33050,31984,31675,31369,31164,30908,30720,30361,30093,29633,29413,29104,29019,28834,28719
구로3동,26820,26579,26460,26290,26155,25979,25813,25722,25397,25350,25192,25157,25194,25239,25226,25055,25017,25025,25049,25049,24967,24891
구로4동,26975,26721,26504,26219,25986,25862,25511,25031,24269,24178,23991,23745,23580,23394,23224,23052,22922,22803,22670,22557,22366,22269
구로5동,33845,33800,33690,33426,33318,33166,32759,32339,32064,32056,31887,31822,32012,32062,31900,31740,31829,31849,31767,31720,31738,31736
구산동,34020,34024,33843,33804,33673,33429,33264,32997,32578,32648,32652,32464,32338,32366,32119,32020,31967,31861,31743,31663,31548,31439
구의1동,23274,23191,23126,23063,23156,23006,22863,22700,22474,22430,22251,22139,23481,23872,24023,24049,24096,24075,23929,23833,23815,23739
구의2동,28093,28140,28032,27902,27772,27620,27543,27444,27139,27091,27107,27008,26891,26796,26688,26573,26403,26410,26329,26230,26240,26115
구의3동,30418,30289,30179,30094,29915,29813,29654,29588,29304,29145,28969,28891,28756,28684,28532,28440,28404,28281,28095,28072,28062,28039
군자동,22113,22084,22142,22109,22174,22007,21864,21903,21696,21775,21583,21500,21341,21448,21266,21524,21410,21530,21592,21465,21461,21454
금호1가동,16132,16045,15974,15954,15885,15927,15897,15795,15718,15600,15442,15315,15196,15164,15085,15137,15065,15024,14943,14841,14796,14807
금호2·3가동,24361,24369,24299,24171,24029,23929,23737,23584,23356,23047,22932,22909,22801,22633,22583,22423,22337,22219,22124,22130,22029,21996
금호4가동,15376,15346,15283,15227,15041,15016,14958,14842,14723,14572,14517,14452,14419,14376,14278,14228,14351,14405,14329,14284,14231,14237
길동,46839,46835,46720,46367,46063,46950,46997,46868,46481,46338,46047,45973,45863,45662,45420,45374,45225,45142,44976,45042,45072,45121
길음1동,37535,37307,37263,37082,36971,36781,36663,36568,35927,35827,35744,35615,35128,35067,35061,35000,34896,34957,34909,34903,34807,35359
길음2동,13917,16272,16545,16620,17226,17293,17297,17167,16758,16747,16742,16780,20779,21514,21617,21728,21822,22003,21925,21802,21526,21523
낙성대동,17919,17806,17736,17623,17669,17840,17858,17579,17495,17477,17516,17434,17606,17827,17938,17928,17990,18063,18054,17863,17982,17994
난곡동,29390,29314,29173,28912,28735,28414,28165,28054,27800,27577,27412,27216,27104,26967,26833,26679,26411,26255,26037,25807,25656,25597
난향동,16671,16541,16436,16394,16209,16171,16082,15915,15664,15579,15491,15420,15332,15288,15180,15050,14997,14991,14908,14859,14799,14811
남가좌1동,17092,17122,17029,16918,16576,16371,16234,16141,15861,15828,15735,15627,15610,15573,16596,16884,16968,16966,16954,16927,16912,16929
남가좌2동,25783,25869,25729,25947,30061,30727,30851,30996,30658,30779,30696,30807,30758,30795,30729,30508,30589,30497,30444,30385,30341,30374
남영동,8508,8472,8521,8412,8395,8268,8190,8116,8049,7886,7832,7825,7811,7699,7540,7552,7552,7465,7385,7347,7301,7334
남현동,19091,19107,19032,18980,18962,18814,18680,18598,18358,18360,18390,18274,18259,18268,18237,18163,18135,18025,17998,17888,17962,17855
내곡동,18554,18549,18545,18481,18500,18387,18304,18146,17984,17889,17780,17622,17479,17566,17503,17455,17365,17400,17332,17254,17171,17052
노량진1동,32634,32606,32603,32563,32572,32649,32667,32387,32233,32158,32411,32298,32215,32278,32074,32114,32335,32573,32764,32715,32846,33440
노량진2동,14234,14110,13954,13789,13749,13650,13506,13512,13476,13381,12561,11550,11380,11314,11214,11234,11265,11228,11198,11075,10603,9653
녹번동,37460,38005,38158,38411,38439,38145,37901,37815,37556,37249,37164,37164,37109,37103,36886,36884,36747,36715,36563,36511,36407,36263
논현1동,23985,23776,23810,23792,23944,23916,23803,23734,23427,23272,23065,22702,22583,22658,22296,22080,22023,21954,21836,21759,21616,21536
논현2동,22204,22079,22002,21904,21858,21851,22033,21997,21891,21668,21519,21331,21300,21158,20891,20814,20811,21003,20855,20774,20747,20654
능동,11882,11887,11867,11978,11991,12046,11923,11913,11728,11725,11661,11619,11602,11645,11601,11561,11522,11564,11515,11496,11502,11477
다산동,15135,15074,15075,15035,15028,14956,14882,14725,14607,14425,14350,14274,14193,14185,14022,13954,13926,13886,13809,13786,13698,13625
답십리1동,29604,29907,29939,29783,29643,29643,29574,29511,29452,29511,29446,29373,29336,29280,28912,28530,28476,28434,28391,28284,28229,28148
답십리2동,30313,30446,30439,30486,30393,30108,29801,29486,29100,29000,28792,28595,28376,28254,28146,28055,27955,27918,27883,27854,27713,27661
당산1동,21400,21491,21509,21524,21498,21339,21387,21197,20995,20834,20685,20648,20728,20717,20763,20740,21178,21301,21355,21418,21564,21601
당산2동,36216,36213,36238,36324,36430,37249,38001,38011,37660,37639,37853,37911,37960,37887,37722,37102,37175,37188,37226,37113,37094,37009
대림1동,16941,16686,16499,16332,16229,16018,17868,17751,17405,17276,17134,17067,16934,16776,16544,16506,16368,16371,16259,16164,16143,16065
대림2동,22417,22177,21705,21370,21101,20820,20389,19776,18892,18694,18370,18162,18016,17905,17559,17523,17582,17718,17631,17575,17460,17467
대림3동,29373,29244,28879,28638,28328,27975,27601,26973,26459,26213,26028,25876,25744,25666,25301,25205,25234,25135,25094,25027,24947,24876
대방동,40191,40194,40244,40177,40002,39683,39430,39172,38852,38667,38605,38338,38151,38081,37757,37056,36348,36107,36054,35989,36044,35926
대조동,32362,32022,29784,27910,27817,27740,27669,27579,27534,27428,27318,27204,27167,27136,26835,26862,27657,27650,27731,27758,27841,27854
대치1동,25395,25288,25349,25302,25298,25141,25135,24922,24587,24478,24283,24199,24031,23946,23868,23846,23805,23829,24014,23934,23866,23810
대치2동,39424,38994,38853,38647,38575,38310,38193,37752,36906,36677,36333,36663,36876,36902,37188,37098,37038,37180,38206,38417,38341,38295
대치4동,20945,20860,20937,20822,20770,20744,20869,20744,20358,20261,20275,20079,19914,19731,19677,19491,19237,19131,19174,18929,18714,18753
대학동,24895,24741,24603,24457,24638,24887,25012,24907,24811,24983,24913,24921,25186,25338,25749,26301,26871,27160,27244,27093,27215,27453
대흥동,13733,13600,13776,13575,15177,15753,15819,15863,15695,15728,15847,15848,15976,16011,16202,16177,16154,16147,16425,16269,16328,16125
도곡1동,22768,22689,22618,22626,22651,22510,22361,22227,22044,21917,21673,21539,21566,21476,21351,21274,20914,20862,20813,20701,20631,20615
도곡2동,34484,34370,34385,34437,34524,34379,34350,34042,33877,33607,33417,33261,33140,32999,32863,32846,32768,32662,32694,32738,32484,32427
도림동,22120,21974,21778,21552,21423,21251,21088,20665,20197,20062,19920,19826,19816,19813,19685,19600,19648,19665,19571,19520,19468,19553
도봉1동,22693,22554,22431,22293,22141,21969,21916,21810,21474,21409,21250,21210,21032,20959,20710,20622,20541,20397,20280,20209,20075,19994
도봉2동,28902,28854,28789,28677,28498,28387,28133,27920,27526,27302,27117,26962,26785,26597,26409,26359,26212,26151,26093,26156,26229,26276
도화동,22784,22699,22663,22594,22544,22332,22102,21998,21689,21566,21525,21391,21269,21221,21155,21118,21005,20937,20867,20899,20881,20898
독산1동,42774,43574,43529,43840,44572,44812,44534,44191,43969,44929,46113,46698,47111,47596,47550,47573,47919,48046,48208,48084,48299,48707
독산2동,21991,21779,21602,21405,21225,21038,20869,20666,20345,20363,20275,20175,20112,19997,19759,19562,19428,19400,19278,19152,19048,18915
독산3동,30528,30392,30152,29916,29724,29351,28951,28535,28026,27877,27713,27595,27629,27596,27423,27239,27140,27135,27090,26903,26742,26534
독산4동,18667,18606,18444,18227,18110,18001,17739,17464,17120,17056,16876,16778,16676,16623,16519,16432,16391,16350,16212,16120,16054,15996
돈암1동,16221,16126,16048,15921,15815,15657,15462,15379,15071,14944,14859,14791,14640,14559,14517,14474,14489,14463,14420,14376,14306,14234
돈암2동,25099,25104,25076,25028,24923,24837,24747,24686,24414,24307,24134,23913,23817,23734,23677,23657,23565,23594,23619,23547,23562,23515
동선동,16450,16368,16460,16276,16379,16384,16283,16246,16130,16146,16111,16115,16143,16149,16126,15870,15954,15884,16016,15973,16011,15958
동화동,11214,11163,11064,10995,11023,10943,10893,10827,10750,10586,10508,10433,10389,10333,10225,10199,10184,10188,10136,10120,10136,10103
둔촌2동,28056,27964,27943,27752,27520,27292,27085,26413,25309,25103,24847,24785,24641,24480,24343,24277,24212,24169,24387,24417,24354,24231
등촌1동,23666,23595,23720,23717,23692,23769,24053,24338,24388,24436,24460,24436,24628,24994,25002,24991,24996,25054,25121,25184,25229,25283
등촌2동,22039,21970,21922,21868,21707,21576,21500,21216,20780,20652,20507,20423,20247,20120,19926,19855,19739,19636,19541,19481,19373,19332
등촌3동,33075,32929,32715,32506,32267,32208,31928,31660,31275,31167,30947,30714,30700,30495,30204,30025,29813,29738,29726,29576,29493,29377
마장동,24175,24203,24137,24035,23927,23755,23583,23459,23257,23132,23028,22991,22975,22912,22727,22706,22598,22517,22390,22233,22170,22073
마천1동,21183,21004,20833,20764,20562,20455,20159,19909,19515,19360,19240,19071,18909,18891,18756,18618,18528,18459,18316,18137,18020,17912
마천2동,20563,20435,20315,20242,20108,20068,19882,19719,19362,19284,19060,18866,18597,18488,18275,18150,18089,17961,17906,17743,17595,17466
망우3동,18305,18171,18025,17941,17835,17770,17620,17508,17355,17033,16803,16698,16539,16494,16346,16303,16243,16219,16157,16078,16076,16021
망우본동,31699,31536,31251,31071,30949,30862,30826,30784,30565,30472,31550,32469,35493,35930,35928,35905,36008,36017,35946,36895,37995,38421
망원1동,22198,22144,21995,21856,21705,21449,21280,21113,20897,20773,20575,20351,20258,20073,19850,19757,19684,19632,19499,19475,19399,19267
망원2동,19561,19472,19270,19386,19346,19316,19242,19216,18991,18954,18853,18764,18723,18717,18584,18449,18378,18312,18232,18155,17999,17899
면목2동,26426,26260,26156,25942,25783,25664,25355,25214,25042,24695,24534,24405,24449,24444,24355,24206,24155,24153,24069,24001,23879,23805
면목3·8동,26938,26867,26729,26589,26478,26494,26097,25995,25766,25606,25346,25154,24989,24879,24723,24617,25058,25045,25011,24842,24780,24637
면목4동,20614,20370,20237,20052,19887,19597,19342,19270,19509,19465,19415,19308,19215,19096,18853,18746,18645,18645,18550,18490,18419,18364
면목5동,10059,10003,9876,9825,9672,9675,14296,14661,14720,14811,14868,14897,14959,14911,14836,14836,14793,14769,14735,14740,14641,14611
면목7동,22168,22054,21913,22200,22763,22825,22681,22714,22463,22368,22124,22070,22027,21941,21816,21798,21774,21732,21614,21557,21505,21456
면목본동,36522,36405,36247,36195,36088,35927,35461,35424,35046,34817,34497,34188,34129,34072,33964,33856,33752,33677,33647,33550,33453,33421
명동,3412,3445,3497,3567,3649,3693,3649,3685,3714,3666,3685,3742,3726,3798,3706,3638,3600,3610,3510,3405,3403,3400
명일1동,22356,22405,26212,26758,26538,26550,26572,26377,26123,26109,25947,25941,25884,25804,25697,25641,25572,25554,25415,25383,25239,25194
명일2동,18034,17968,18000,17778,17589,17501,17479,17555,17495,17473,17539,17568,17520,17431,17362,17327,17306,17269,17253,17101,17004,16901
목1동,32310,32163,32111,32173,32231,32095,31771,31727,31418,31143,31001,30883,30696,30667,30565,30536,30432,30403,30386,30419,30349,30283
목2동,31630,31545,31501,31477,31383,31178,30887,30705,30450,30315,30215,30139,30056,29908,29733,29641,29430,29255,29213,29098,28953,28893
목3동,23174,23143,23145,23095,23058,22918,22734,22643,22412,22256,22122,21977,22021,22014,21865,21719,21587,21533,21451,21395,21363,21291
목4동,27322,27180,27053,26909,26774,26531,26305,26190,25966,25788,25669,25544,25441,25336,25208,25018,24810,24801,24686,24619,24526,24398
목5동,43164,42929,42943,42948,42889,42645,42459,42288,41894,41593,41379,41308,41103,40899,40747,40737,40673,40548,40715,40818,40737,40656
무악동,8585,8702,8745,8740,8767,8691,8655,8592,8425,8365,8334,8297,8245,8184,8084,8052,8045,8015,8040,7991,8007,7968
묵1동,36200,36120,36063,36016,35969,35885,35803,35588,35269,35094,34864,34636,34602,34620,34430,34344,34217,34094,33979,33935,33826,33670
묵2동,20298,20138,20094,19901,19822,19789,19711,19672,19557,19320,19178,18946,18841,18783,18672,18624,18653,18597,18466,18323,18361,18302
문래동,32172,32054,31961,31963,31981,32734,32792,33399,33088,33060,32990,32812,32732,32718,32558,32540,32479,32385,32390,32342,32335,32247
문정1동,21427,21359,21380,21301,21304,21234,21043,20868,20642,20473,20339,20198,20125,20079,20018,19916,19791,19785,19705,19673,19898,20031
문정2동,29963,29926,30038,29967,30070,29987,29736,29547,29388,29334,29106,29072,29061,28948,28945,28841,28891,28966,28981,28972,29043,28997
미성동,33180,33001,32929,32751,32597,32300,32067,31787,31595,31408,31258,31056,31037,31023,30752,30662,30515,30465,30309,30128,29952,29811
미아동,23174,23064,22987,22814,22799,22786,22780,22723,22493,22361,22162,21997,21898,21851,21768,21685,21692,21655,21657,21546,21469,21443
반포1동,33200,33247,33139,33237,33268,32981,32833,32630,32387,33239,34559,34815,34894,34783,34634,34443,34547,34500,34387,34190,34252,34191
반포2동,16490,16424,16381,16385,16400,16327,16316,16240,16047,15916,15847,15801,15858,15811,15823,15742,15749,15740,18735,23436,24279,24641
반포3동,20255,20267,20324,20390,20343,21741,22313,22412,22406,22378,22229,22245,22155,21930,22055,22773,23784,23848,23946,23845,23898,23885
반포4동,20474,20369,20270,20232,20217,20148,20017,19977,19822,19684,19735,19807,19791,19701,19581,19486,19448,19464,19299,19229,19330,19325
반포본동,12383,12329,12106,12190,12183,12107,12070,11991,11512,10508,5761,2000,696,411,305,292,283,282,258,241,233,235
발산1동,38736,38619,38559,38507,38458,38288,37880,37530,36915,36507,36426,36572,36393,36455,36300,36236,36212,36159,36044,35955,35797,35693
방배1동,17680,17592,17559,17524,17739,17659,17532,17381,17180,17123,17078,16980,16944,16925,16896,16883,16830,16789,16730,16644,16583,16583
방배2동,21629,21342,21135,20958,20856,20628,20534,20404,20092,19923,19775,19474,18992,18778,18631,18553,18436,18314,18229,18171,18156,18110
방배3동,22491,22578,22489,22455,22226,21938,21801,21441,20641,19381,18957,18861,18802,18406,17643,17321,17194,17177,17076,16058,15941,15985
방배4동,24424,24294,24278,24083,23999,24029,24037,24036,23897,23797,23753,23817,23700,23517,23444,23429,23339,23194,23172,23108,23013,22960
방배본동,21674,21562,21471,21585,21539,21424,21416,21293,21199,21013,21032,21083,20995,20859,20843,20778,20711,20646,20622,20575,20472,20167
방이1동,16516,16514,16515,16524,16450,16461,16344,16298,16107,15926,15888,15766,15662,15605,15536,15460,15338,15349,15275,15231,15248,15187
방이2동,25897,26211,26209,26044,26408,26663,26655,26675,26619,27007,27216,27015,26971,26832,26589,26354,26511,26497,26695,26833,27002,26974
방학1동,30482,30389,30344,30056,29817,29675,29453,29236,28974,28967,29035,28912,28813,28731,28573,28410,28345,28162,28013,28005,27870,27702
방학2동,21465,21381,21268,21140,21016,20835,20588,20473,20135,20038,19906,19867,19760,19607,19418,19354,19185,19026,18893,18739,18618,18463
방학3동,29067,28964,28846,28782,28522,28328,28121,27973,27658,27544,27323,27110,26952,26815,26635,26500,26471,26363,26259,26155,26095,26030
방화1동,46148,45982,45847,45668,45464,45279,44888,44550,43896,43532,43402,43181,42879,42970,42884,42851,42746,42789,42512,42283,42112,41862
방화2동,24417,24354,24203,24051,23942,23771,23519,23442,23519,23518,23602,23656,23523,23519,23402,23371,23251,23107,23036,22978,22906,22902
방화3동,24775,24673,24582,24467,24286,24130,23811,23577,23282,23197,23031,22924,22790,22749,22591,22544,22445,22324,22199,22110,22015,21950
번1동,19885,19861,19815,19614,19648,19684,19559,19441,19080,18969,18826,18717,18791,18803,18684,18578,18592,18455,18417,17963,17281,17105
번2동,17468,17389,17307,17102,17041,16872,16707,16544,16311,16194,16020,15932,15725,15606,15530,15397,15295,15188,15055,14994,14935,14879
번3동,18799,18677,18506,18251,18094,17927,17763,17605,17270,17226,17065,16905,16751,16668,16530,16449,16315,16514,16505,16420,16314,16231
보광동,16141,16008,15897,15862,15997,16023,15805,15531,15284,14974,14804,14708,14610,14482,14187,14060,13961,13840,13585,12420,10679,8652
보라매동,26511,26382,26688,26496,26166,25856,25529,25278,24978,24951,24974,24918,24927,24908,24740,24660,24667,24589,24392,24272,24110,24024
보문동,16946,16865,16839,16653,16617,16520,16389,16123,15885,15810,15736,15766,15753,16666,16701,16712,16719,16703,16680,16575,16577,16561
부암동,10523,10477,10525,10551,10597,10421,10347,10333,10069,9951,9852,9782,9702,9683,9590,9536,9460,9377,9443,9389,9400,9346
북가좌1동,19292,19292,19188,19160,18990,18809,18693,18557,18455,18328,18256,18121,18007,17956,17899,17804,17815,17762,17709,17678,17610,17587
북가좌2동,34206,34134,33955,33810,33607,33432,33190,32947,32647,32298,32020,31893,31671,31489,31227,31244,31228,31167,31111,31026,30950,30773
북아현동,17674,17667,17607,17525,17456,17389,17097,16956,16674,16505,16401,16236,16123,16058,15977,15875,15833,15873,15796,15756,15816,15817
불광1동,41316,41244,41048,40917,40613,40422,40144,40022,39439,39200,38996,38777,38695,38524,38265,38265,38105,37995,37826,37694,37797,37783
불광2동,29752,29726,29576,29552,29290,29069,28909,28740,28442,28267,28046,27798,27645,27511,27269,27280,27331,27230,27073,26972,26963,26904
사근동,13658,13596,13630,13543,13625,13511,13423,13512,13352,13512,13335,13505,13627,13900,13837,14082,14020,14080,14048,14141,14235,14133
사당1동,24233,24273,24139,24026,24012,23931,23784,23632,23419,23402,23462,23321,23268,23250,23109,23009,23030,22989,22954,23008,22981,22948
사당2동,28584,28575,28471,28290,28189,28050,27900,27658,27413,27042,28070,28147,28534,28879,28817,28786,28689,28662,28517,28478,28427,28426
사당3동,26702,26557,26276,26034,25849,25580,25430,25244,25056,24930,24726,24548,24532,24402,24237,24189,24118,24141,24038,23940,23955,23971
사당4동,15117,15055,14902,14921,14856,14819,14723,14599,14441,14442,14377,14301,14350,14316,14277,14185,14130,14044,14073,14007,13978,13949
사당5동,13164,13094,12957,12886,13416,14662,14881,14811,14715,14677,14591,14558,14543,14473,14456,14434,14395,14355,14293,14269,14240,14194
사직동,9782,9724,9700,9815,9841,9787,9848,9806,9813,9636,9645,9636,9630,9572,9379,9355,9371,9362,9326,9273,9258,9249
삼각산동,33312,33207,33100,32900,32668,32546,32331,32118,31623,31510,31481,31470,31175,31015,30908,30939,30887,30866,30817,30716,30629,30487
삼선동,26860,26691,26599,26013,25048,24564,24354,24144,23697,23552,23533,23413,23428,23294,23123,23044,23101,23026,22875,22824,22708,22636
삼성1동,15109,15058,14928,14920,14959,14924,14030,13600,13389,13327,13265,13136,13059,12994,12847,12739,12662,12597,12584,12384,12329,12311
삼성2동,30508,30308,30362,30674,30674,30534,30478,30368,30044,29762,29817,30692,31130,31192,31067,31062,30928,30724,30776,30888,30776,30840
삼성동,25881,25696,25454,25226,25041,24841,24608,23935,23232,22996,22656,22041,21393,21105,20814,20642,20520,20363,20265,20130,19986,19885
삼양동,26276,26031,25776,25537,25334,25176,24933,24742,24382,24238,23980,23802,23611,23568,23293,23090,23011,22887,22751,22622,22496,22456
삼전동,33019,32901,32823,32613,32400,32220,32017,31839,31428,31270,30921,30695,30441,30274,30019,29912,29726,29623,29574,29451,29444,29297
삼청동,3045,3030,3013,2997,2993,2973,2962,2909,2803,2780,2764,2739,2741,2692,2659,2642,2616,2576,2495,2457,2450,2449
상계10동,16867,16783,16736,16619,16503,16402,16358,17631,18655,18738,18784,18731,18617,18523,18477,18477,18374,18316,18274,18246,18163,18121
상계1동,40751,40580,40359,40121,39942,39762,39460,39204,38882,38713,38466,38275,38030,38024,37944,37857,37724,37422,37267,36995,36911,36829
상계2동,21569,21458,21358,21220,21062,20997,20866,20692,20462,20351,20208,20143,20015,19935,19765,19629,19623,19566,19405,19266,19223,19175
상계3·4동,26367,26206,25946,25818,27366,27455,27295,27184,26952,26662,26479,26268,26033,25831,25509,25324,25187,25119,27469,27606,27496,27444
상계5동,26136,25922,25704,25483,25181,25028,24949,24797,24504,24423,24223,24077,23971,23805,23776,23737,23568,23436,23222,23157,23077,22937
상계6·7동,35195,35043,34834,34648,34341,34151,33882,33642,33256,33152,32998,32774,32563,32415,32149,32044,32036,31934,31717,31565,31493,31374
상계8동,24302,24202,24086,23953,23618,23506,23266,22963,22790,22814,22777,22598,22491,22478,22418,22344,22225,22056,21919,21892,21663,21721
상계9동,22216,22118,22002,21919,21707,21618,21441,21221,20949,20810,20746,20529,20346,20289,20142,20071,19969,19895,19800,19751,19634,19560
상도1동,48459,48432,48372,48153,48023,47529,47137,46840,46152,45967,45757,45485,45781,45892,46066,46166,46469,46414,46534,46451,46693,46523
상도2동,29351,29422,29396,29270,29013,28860,28468,28162,28825,29367,28931,28362,28195,28139,28000,27982,28000,27953,27875,27822,27777,27764
상도3동,26152,26159,26111,26041,25905,25798,25659,25416,25137,25000,24943,24846,24726,24697,24614,24456,24535,24462,24374,24297,24281,24249
상도4동,30316,30257,30107,29893,29773,29723,29557,29306,29138,29084,29059,28914,28917,28796,28629,28564,28510,28401,28194,28051,28156,28748
상봉1동,25499,25583,25629,25499,25334,25299,25043,24912,24784,24681,24428,24190,24017,23932,23773,23714,23555,23537,23455,23353,23200,23039
상봉2동,19337,19494,19728,19844,20044,20036,20104,20214,20423,20548,20670,20647,20558,20567,20524,20612,20615,20613,20673,20760,20941,20996
상암동,33428,33266,32976,32882,32589,32407,32252,31997,31509,31359,31390,31473,31356,31169,31009,30837,30679,30650,30487,30414,30403,30367
상일동,11127,11113,10943,10773,27636,32624,33151,33345,37989,38784,39036,38929,38832,39022,39038,39178,39435,39407,39412,39440,39322,39379
서강동,25955,26312,26240,26163,26021,25863,25621,25386,25508,25596,25574,25600,25657,25630,25519,25576,25535,25495,25371,25405,25454,25369
서교동,26239,26240,26104,25997,25876,26273,26712,26981,26698,26718,26612,26549,26912,27125,26733,26674,26653,26522,26369,26359,26303,26100
서림동,24883,24721,24485,24339,24252,24440,24532,24410,24019,23922,23741,23689,23849,24041,24094,24361,24549,24644,24598,24594,24611,24759
서빙고동,14282,14205,14122,14102,14164,14143,14029,14000,13919,13914,13913,13912,13879,13858,13582,13458,13424,13430,13357,13141,13239,13306
서원동,24096,24147,24095,24068,24106,24049,23877,23565,23324,23200,23317,23278,23435,23592,23583,23511,23668,23704,23770,23690,23934,23905
서초1동,21566,21546,21708,21579,21502,21403,21264,21187,20991,20951,20806,20711,20815,20788,20727,20622,20496,20506,20526,20352,20412,20470
서초2동,18614,18574,18675,18837,18975,18953,19159,21731,22316,22463,25919,26595,26878,26900,26856,26932,27047,27253,26451,25140,25102,25186
서초3동,30876,30903,31067,30951,31176,31158,31710,32307,32454,32702,32804,32769,32700,32482,32397,32379,32418,32382,32381,32384,32405,32434
서초4동,31899,31867,31886,31988,32024,31975,31870,31718,31476,31361,31112,31089,30936,30821,30584,30521,30550,30560,30554,30558,30530,30495
석관동,35365,36448,36558,36507,36723,36735,36558,36483,36152,36112,36018,35829,35773,35644,35460,35315,35250,35108,34940,34695,34698,34627
석촌동,34342,34178,34278,34309,34097,33827,33582,33166,32701,32562,32344,32169,32025,31959,31707,31602,31603,31467,31530,31333,31269,31237
성내1동,20922,20733,20648,20561,20468,20403,20430,20353,20309,20332,20207,20045,20068,20046,19936,19900,19775,19734,19658,19542,19433,19425
성내2동,25608,25556,25300,25186,25187,25096,24936,24948,24668,24578,24358,24106,23973,23760,23704,23528,23414,23303,23620,24065,24119,24541
성내3동,23956,24042,23991,23921,23887,23824,23729,23692,23626,23632,23532,23346,23235,23207,23197,23071,22984,22882,22798,22772,22656,22599
성북동,17820,17739,17671,17584,17615,17528,17531,17404,17229,17198,17134,17026,17023,16952,16852,16889,16809,16701,16606,16503,16475,16478
성산1동,20428,20397,20288,20164,20169,19983,19890,19679,19454,19342,19257,19246,19235,19242,19133,19079,19003,18991,18971,18947,18906,18811
성산2동,41812,41743,41623,41531,41447,41273,40958,40669,40285,40112,39883,39909,39830,39851,39732,39500,39416,39285,39141,39099,39156,39085
성수1가1동,17488,17420,17331,17168,17087,17038,16954,16851,17168,17053,16919,16814,16792,16690,16506,16407,15996,15895,15812,15681,15661,15659
성수1가2동,15588,15374,15084,14735,14430,14163,13914,13738,13451,13151,13003,12874,12686,12535,12421,12322,12333,12274,12221,12134,12099,12056
성수2가1동,18252,18159,17979,17722,17683,17567,17365,17146,16899,16628,16460,16279,16138,16065,15870,15716,15495,15321,15131,15079,15020,14955
성수2가3동,11902,11787,11725,11682,11673,11615,11563,11457,11387,11304,11152,10985,10926,10867,10716,10520,10501,10447,10365,10312,10275,10172
성현동,32819,32715,32323,31175,30823,30703,30620,30472,30033,29809,29606,29394,29161,29089,28967,28830,28741,28666,28582,28461,28336,28297
세곡동,45289,45180,45109,45064,45060,44997,44877,44475,44157,43952,43644,43396,43213,43339,43469,43382,43960,44386,45828,45724,45450,46368
소공동,2994,3012,3045,3059,3057,3045,3006,3011,3106,3225,3286,3367,3423,3433,3518,3578,3558,3559,3512,3401,3373,3362
송정동,11715,11632,11546,11428,11388,11365,11254,11143,11018,11001,10949,10915,10854,10714,10549,10464,10398,10302,10221,10131,10077,10035
송중동,29324,29106,29000,31153,31331,31272,31101,30934,30508,30410,30299,30035,29818,30098,30004,29910,29774,29645,29486,29296,29162,29019
송천동,29305,29031,28911,28628,28475,28299,28169,27871,27451,27290,27035,26801,26497,26316,26107,25998,25875,25610,25397,25208,25127,24954
송파1동,26296,26321,26152,26026,25801,25683,25452,25190,24860,24611,24402,24176,24135,24095,24046,24008,23875,23882,23805,23654,23635,23613
송파2동,20902,20832,20889,20862,20848,20796,20842,20800,19920,19606,19388,19283,19279,19207,19057,18947,18931,18812,18733,18674,18824,18765
수궁동,25322,25181,25000,24890,24729,24468,24357,24297,24141,24021,23940,23806,23656,23543,23413,23332,23229,23171,23141,23109,23010,22970
수색동,10323,9303,9094,8952,8808,8722,11060,11258,11301,11313,11445,12752,13246,13241,13176,13210,13195,13319,19225,20560,20915,21151
수서동,16247,16187,16065,15934,15798,15689,15517,15299,15112,15016,14925,14870,14726,14638,14530,14402,14263,14280,14217,14090,13998,13918
수유1동,22133,22042,21961,21841,21734,21622,21585,21468,21198,21016,20869,20849,20740,20685,20643,20501,20491,20360,20344,20200,20161,20139
수유2동,22224,22142,22021,21939,21931,21796,21644,21595,21586,21519,21505,21421,21323,21223,21095,21054,20986,20931,20836,20697,20636,20560
수유3동,24538,24368,24277,24064,24070,24053,23963,23907,23656,23483,23489,23393,23516,23646,23655,23778,23882,23781,23920,23954,23961,23878
숭인1동,6658,6635,6613,6532,6508,6494,6435,6388,6336,6225,6146,6106,6126,6108,6054,6057,6069,6064,6102,6114,6146,6089
숭인2동,10070,10041,9972,9902,9965,9987,10077,10178,10049,10165,10140,10175,10266,10343,10535,10509,10557,10541,10540,10692,10875,11029
시흥1동,37199,37144,37034,36706,36362,36274,36065,35781,35104,34872,34625,34533,34402,34401,34195,34054,33929,33925,33883,33790,33664,33504
시흥2동,22894,22861,22735,22659,22422,22316,22191,22092,21672,21534,21444,21351,21209,21049,20870,20832,20775,20751,20705,20687,20544,20460
시흥3동,11702,11648,11598,11524,11466,11460,11375,11285,11101,11026,11000,10951,10890,10893,10792,10701,10599,10547,10457,10396,10397,10358
시흥4동,22548,22349,22246,22216,22002,21877,21716,21520,21281,21144,21024,20916,20904,20917,20729,20614,20504,20390,20253,20059,19878,19741
시흥5동,21303,21186,21031,20872,20755,20595,20439,20328,20083,19947,19861,19715,19605,19620,19416,19242,19151,18980,18824,18762,18586,18513
신길1동,19575,19677,19730,19750,19670,19537,19414,19167,18783,18716,18712,18755,18747,18732,20163,20483,20734,20732,20641,20653,20593,20552
신길3동,18139,18743,18703,18727,18589,18436,18276,18086,17801,17758,17649,17575,17546,17451,17369,17281,17235,17194,17083,16961,16916,16872
신길4동,10324,10171,10082,9985,9873,9842,9789,12974,13047,13050,13068,13089,13095,13089,12995,13016,13052,13086,12980,12919,12811,12759
신길5동,11461,11115,10858,10670,11997,12712,12663,12496,12110,11954,11822,11701,11521,11469,11269,11212,11133,11078,11021,10912,10822,10735
신길6동,19804,19675,19593,19434,19294,19171,18980,19071,20002,19977,19986,19869,19826,19865,19689,19593,19471,18901,18507,18369,18295,18194
신길7동,17262,17202,17092,17075,20425,20634,20568,20494,20198,20158,20145,20158,20126,20142,19926,19899,19967,20032,20044,19985,19914,19920
신내1동,41180,41005,40738,40854,40670,40611,40241,39831,39247,39130,38665,38649,38522,38425,38278,38205,38419,38472,38247,37938,37682,37567
신내2동,22258,22227,22095,21905,21729,21616,21471,21302,21078,20927,20710,20529,20311,20269,20180,20155,20036,19975,19906,19774,19634,19568
신당5동,9710,10139,10846,10929,10969,11002,10970,10867,10848,10714,10728,10708,10640,10631,10517,10513,10472,10438,10472,10516,10511,10521
신당동,9395,9338,9336,9234,9236,9206,9143,9191,9141,9066,9087,9095,9116,9194,9118,9087,9072,9007,8921,8885,8888,8888
신대방1동,27010,26841,26747,26599,26333,26304,26161,25823,25459,25332,25089,24999,24838,24929,24988,25118,25121,25163,25123,25100,25035,25046
신대방2동,20877,20840,20726,20719,20636,20546,20544,20466,20142,20140,20074,21404,22223,22416,22498,22445,22412,22387,22383,22281,22301,22213
신도림동,37547,37492,37392,37188,36908,36704,36685,36494,36132,36006,36005,36342,36339,36280,36223,36138,36081,36024,36089,36313,36440,36352
신림동,22515,22682,22574,22525,22643,22853,22844,22667,22543,22619,22894,23128,23515,23793,23866,23877,24176,24266,24037,23767,23906,23981
신사1동,28876,28794,28658,28570,28396,28140,27993,27776,27534,27447,27377,27231,27117,27061,27029,26984,26945,26889,26761,26688,26578,26555
신사2동,22231,22151,21998,21875,21686,21388,21118,20945,20719,20658,20532,20330,20059,19810,19600,19497,19369,19333,19153,19101,19046,19029
신사동,26466,26356,26161,25960,26034,25976,25804,25426,16615,16406,16307,16213,16116,15991,15942,15876,15787,15799,15680,15681,15653,15592
신수동,21784,21622,22514,23877,23909,23796,23683,23606,23221,23006,22901,22834,22833,22813,22739,22672,22585,22569,22555,22496,22543,22591
신원동,20121,20077,19892,19742,19708,19647,19595,19290,18999,18955,18838,18675,18752,18728,18716,18620,18691,18623,18547,18399,18459,18458
신월1동,22202,22087,21976,21773,21564,21456,21326,21246,20990,20925,20817,20693,20668,20633,20463,20343,20207,20056,19852,19683,19589,19463
신월2동,22771,22626,22427,22126,21933,21669,21659,21520,21155,21074,20931,20819,20714,20673,20556,20569,20523,21006,21068,20944,20919,20884
신월3동,17111,17004,16844,16719,16554,16349,16161,15965,15645,15552,15479,15372,15277,15161,14997,14934,14839,14734,14603,14466,14344,14337
신월4동,19198,19121,19064,19026,18921,18659,18579,18487,18309,18235,18171,18012,17897,17839,17777,17698,17666,17602,17590,17555,17515,17421
신월5동,15638,15600,15631,15570,15495,15392,15337,15189,15043,14997,14843,14750,14714,14652,14559,14461,14381,14286,14233,14120,14067,14086
신월6동,6747,6707,6670,6615,6700,12494,13517,13798,13843,13816,13836,13945,13871,13732,13762,13816,13934,13956,13963,13927,13909,13850
신월7동,22156,21969,21803,21602,21487,21038,20829,20651,20369,20285,20100,19917,19739,19501,19294,19199,19014,18900,18812,18811,18700,18618
신정1동,21669,21545,21578,21627,21460,21225,21149,21074,20718,20631,20569,20487,20337,20108,19986,19962,19915,19885,19819,19820,19764,19698
신정2동,20861,20752,20713,20685,20708,20482,20377,20207,19860,19734,19665,19596,19520,19284,19099,19003,18928,18924,18971,18869,18752,18723
신정3동,48702,48729,48467,48151,48128,47500,47116,46787,49591,49927,49946,49979,50271,50755,50573,50587,50568,50340,50151,49890,49549,49412
신정4동,36029,35893,35784,35581,35262,34804,34479,34191,33810,33633,33480,33343,33492,33370,33249,33056,32908,32847,32653,32402,32401,32318
신정6동,25339,25277,25291,25304,25301,25217,25115,25038,24876,24851,24659,24552,24531,24380,24208,24152,24028,23960,23933,23985,23974,23927
신정7동,30599,30825,30930,30904,30684,30382,30248,30075,29670,29533,29373,29171,29030,28826,28629,28579,28502,28481,28492,28431,28363,28337
신촌동,24171,24249,24810,24372,24024,23270,22894,23051,22778,23288,23281,23759,24469,25172,25113,26143,26455,26477,26777,26846,27079,27212
쌍문1동,22430,22474,22528,22364,22236,22225,22105,22016,21912,21871,21663,21658,21618,21579,21326,21445,21421,21292,21098,21085,21046,21060
쌍문2동,20412,20290,20133,20025,19875,19773,19587,19406,19066,18992,18930,18864,18824,18767,18576,18461,18387,18278,18139,18082,17996,17971
쌍문3동,17437,17388,17325,17262,17197,17118,17004,16922,16884,16684,16675,16768,16871,17068,17029,16934,16902,16792,16707,16651,16590,16580
쌍문4동,20051,19941,19946,19811,19699,19575,19416,19297,18964,18915,18765,18643,18555,18447,18398,18348,18317,18273,18211,18120,18074,18021
아현동,25367,25414,25391,25358,25340,25380,25811,26221,26007,25734,25714,25686,25536,25668,25581,26184,28244,28692,29038,29308,29450,29511
안암동,17465,17392,17877,17502,17574,17101,16785,16580,16423,16451,16386,16527,16809,17046,17039,17118,17248,17178,17439,17268,17147,17354
암사1동,37621,37313,36975,36693,36492,36254,36060,35728,35245,35118,34916,34782,34643,34511,34305,34271,34324,34311,34189,34015,33939,33858
암사2동,14648,14628,14557,14774,15521,15647,15556,15507,15406,15397,15248,15252,15201,15181,15124,15069,15035,14959,14963,14950,14802,14814
암사3동,18940,18948,18821,18693,18517,18438,18402,18420,18178,18058,17956,17947,17838,17621,17466,17481,17506,17440,17380,17220,17230,17219
압구정동,27980,27865,27767,27712,27802,27804,27611,27440,27064,26770,26584,26446,26315,26221,25947,25902,25805,25779,25752,25755,25761,25674
약수동,17904,17806,17760,17734,17696,17579,17473,17354,17134,17052,17003,16889,16847,16763,16627,16610,16533,16512,16433,16342,16351,16343
양재1동,46412,46231,46022,45940,45707,45486,45250,44890,44227,44025,43631,43408,43152,43056,42875,42683,42671,42582,42482,42333,42020,41849
양재2동,23641,23382,23250,23161,23089,22930,22792,22709,22489,22424,22272,22144,22037,21979,21769,21766,21713,21646,21604,21545,21458,21450
양평1동,18055,18240,18251,18263,18168,18030,17696,17702,17694,18281,18393,18487,18624,18672,18714,18704,18620,18509,18477,18422,18465,18477
양평2동,22889,22934,22886,22802,22736,22665,22634,22603,22466,22485,22564,22499,22432,22515,22563,22583,22620,22702,22725,22758,22924,23043
여의동,34340,34479,34576,34598,34736,34675,34638,34463,33851,33723,33534,33420,33222,33105,33006,32923,32869,32989,33297,33713,33936,34054
역삼1동,36916,37101,37277,37002,36973,36921,37116,36771,36457,36458,36560,36590,36431,36154,35780,35556,35409,35476,35509,35326,35378,35457
역삼2동,36737,36991,37211,37336,37513,37557,37497,37291,36715,36529,36379,36378,36288,36871,37263,37269,37321,37261,37126,36748,36621,36608
역촌동,49387,49181,48883,48490,48097,47718,47235,46939,46500,46280,46108,45752,45636,45411,44987,44984,44894,44690,44429,44207,44114,43990
연남동,17283,17163,17051,16953,16818,16824,16731,16682,16455,16263,16085,15899,16002,15953,15662,15603,15481,15348,15229,15190,15132,15106
연희동,41059,41093,41358,41339,41092,40725,39901,39105,38423,38054,37931,37734,37599,37628,37530,37428,37417,37259,37274,37188,37222,37133
염리동,13437,13440,13533,13486,13298,13111,12913,12864,13387,16837,17459,17657,17742,17804,17671,17633,17695,17715,17693,17664,17772,17721
염창동,41063,42025,42478,42579,42421,42259,42077,42017,42070,42129,41940,41764,41692,41779,41730,41628,41511,41521,41471,41490,41440,41437
영등포동,26660,26964,27149,27166,27692,27762,28042,28749,29091,29289,29873,29901,30091,30187,30312,30461,30980,31206,31338,31413,31712,31883
영등포본동,25408,25190,24989,24813,24596,24304,24156,23790,23331,23206,23088,23152,23081,23013,22800,22714,22654,22650,22651,22536,22543,22464
오금동,40935,41148,40959,41067,41029,40841,40394,39668,39213,38980,38936,38654,38366,38345,38147,38037,37957,37838,37799,37669,38066,38282
오류1동,22686,22696,23025,23295,23364,23424,23350,23360,23434,23472,23374,23155,23064,22979,22906,23126,23241,23312,23432,23363,23303,23284
오류2동,47387,49302,51567,53500,54971,55837,56285,56159,55663,55481,55331,55502,55478,55459,55349,55079,54990,54868,54723,54368,54018,53496
오륜동,19076,18968,18917,18864,18837,18708,18624,18495,18350,18250,18087,18079,17944,17888,17836,17804,17769,17814,17870,17818,17730,17712
옥수동,27253,27348,27264,27222,27134,27129,27034,26912,26733,26493,26412,26309,26173,26058,25916,25843,25809,25693,25698,25650,25631,25726
왕십리2동,18110,17988,17953,17744,17755,17668,17555,17416,17242,16956,16881,16819,16730,16680,16648,16688,16651,16572,16508,16481,16416,16435
왕십리도선동,27886,27885,27878,27767,27756,27812,27786,27588,27292,27087,27074,26910,26959,27019,26989,26903,26879,26903,26830,26739,26801,26670
용강동,22527,22502,22403,22441,22386,22295,22283,22257,22151,22095,22081,22038,21943,21810,21773,21786,21682,21705,21690,21642,21655,21692
용답동,14737,13980,13572,13290,13284,13136,12979,12724,12814,12677,12685,12568,12474,12396,12484,12551,12680,12821,12915,13013,13033,13127
용문동,12744,12714,12649,12587,12554,12510,12448,12455,12327,12123,12037,11985,11932,11832,11693,11664,11613,11571,11577,11518,11446,11411
용산2가동,12000,11897,11831,11836,11789,11626,11428,11272,11264,10866,10793,10775,10779,10625,10420,10333,10316,10262,10229,10271,10243,10273
용신동,31995,32062,32073,32144,32455,32379,32570,32602,32385,32416,32379,33055,33984,34194,35237,36137,36842,38161,40016,40088,40283,40362
우이동,21684,21497,21401,21391,21293,21210,21180,21076,20825,20828,20742,20678,20578,20521,20415,20407,20318,20202,20118,20000,19995,20001
우장산동,46299,46048,45305,44808,44610,44327,44173,43987,43520,43442,43248,43129,42995,42790,42587,42883,43725,43962,44041,43946,43887,43845
원효로1동,16266,16313,16471,16630,16737,16792,16722,16730,16746,16591,16569,16577,16618,17145,17584,17774,17781,17851,17837,17688,17682,17689
원효로2동,14976,14847,14779,14718,14578,14491,14493,14331,14268,13998,13924,13875,13839,13829,13794,13795,13779,13826,13792,13763,13724,13707
월계1동,24212,24078,24044,23883,23781,23589,23317,23085,22572,22460,22406,22240,22153,21856,21682,21580,21535,21484,21384,21299,21226,21164
월계2동,26509,26403,26209,27289,27873,28026,27882,27615,27339,27221,27006,26704,26521,26378,26124,26066,26060,25980,25745,25643,25593,25547
월계3동,32315,32185,31904,31593,31378,31229,30966,30790,30446,30447,30241,30069,29883,29710,29503,29384,29193,29131,28989,28889,28737,28665
월곡1동,27812,27703,27698,27523,27371,27304,27206,27108,26862,26839,26680,26525,26408,26384,26227,26169,26152,26036,25909,25799,25730,25543
월곡2동,20675,20631,20571,20509,20705,20679,20481,20396,20187,20040,20028,19896,19914,19844,19855,19739,19785,19693,19652,19531,19492,19485
위례동,28472,28408,28291,28296,28341,28344,28531,30366,32063,32381,36877,39206,42547,44010,44364,44613,44706,44802,44922,45045,45054,45178
은천동,35713,35770,35505,35337,35142,34995,34816,34595,34197,33974,33814,33631,33540,33351,33225,33156,33181,33149,33014,32902,32827,32727
을지로동,1932,1998,2002,2007,2012,1993,1990,1967,1947,1869,1909,1914,1932,1949,1902,1912,2260,2906,3206,3323,3393,3466
응봉동,16284,16268,16228,16188,16066,15952,15875,15824,15726,15640,15560,15458,15348,15251,15096,15100,15007,15014,15042,15000,14921,14888
응암1동,25988,25865,25747,25654,25548,28510,30836,31265,31072,32861,33128,33287,33303,33242,33188,33279,33266,33232,33075,32969,32980,32784
응암2동,21566,22399,23882,25466,25834,27621,27818,27776,27774,27614,27577,28107,28258,28186,28076,28016,27917,27885,27782,27544,27495,27486
응암3동,26356,26326,26193,26081,25951,25802,25673,25553,25223,25202,24999,24637,24608,24500,24489,24313,24145,24019,23916,23822,23791,23759
이문1동,24388,23215,22622,22311,22067,21427,21200,21205,20589,20686,20627,20870,21054,21138,21305,21366,21266,21266,21364,21488,21467,21380
이문2동,21743,21376,21273,21174,21220,21226,21073,20947,20665,20574,20487,20417,20364,20258,20185,20183,20075,20026,19988,19935,19848,19791
이촌1동,29284,29215,29251,29255,29428,29329,29144,28961,28516,28383,27027,26632,26447,26331,25750,25707,25567,25604,25578,25513,25472,25481
이촌2동,9055,9045,9025,9005,8926,8887,8855,8808,8628,8528,8443,8374,8310,8264,8140,8094,8036,8036,7997,7932,7939,7870
이태원1동,9166,9164,9086,9222,9191,9153,8929,8764,8543,8303,8225,8126,8068,8031,7935,7947,7965,7990,7890,7799,7835,7841
이태원2동,10898,10864,10812,10811,10878,10826,10788,10795,10712,10605,10594,10604,10576,10538,10432,10427,10380,10326,10263,10223,10250,10242
이화동,8576,8582,8566,8470,8460,8336,8224,8111,7895,7832,7774,7705,7697,7734,7629,7631,7651,7601,7566,7480,7557,7537
인수동,33029,32962,32813,32461,32332,32152,31835,31545,31154,31049,30784,30563,30401,30246,29990,29916,29816,29679,29501,29361,29206,29100
인헌동,27271,27297,27200,27088,27056,26938,26766,26500,26334,26227,26223,26154,26237,26318,26199,26119,26131,26103,25948,25849,25722,25614
일원1동,16850,16652,16556,16438,16407,16178,16044,15827,15632,15512,15384,15214,15180,15125,15042,14987,14884,14784,14806,14711,14578,14503
일원2동,17957,18088,18162,18160,18086,18017,17926,17709,17989,17931,17717,17585,17563,17572,17475,17382,17186,17133,17010,16894,16836,16788
일원본동,24615,24486,24469,24399,24358,24209,24086,23945,23695,23595,23434,23291,23172,23115,23063,23015,22906,22850,22876,22832,22729,22693
자양1동,24416,24351,24229,24156,24030,23875,23876,23710,23465,23385,23233,23134,23019,22925,22785,22709,22854,22979,22840,22745,22810,22774
자양2동,27389,27221,27107,26893,26694,26607,26330,26016,25649,25463,25175,24930,24768,24559,24359,24253,24110,24059,23995,23949,23989,23960
자양3동,29887,29685,29577,29475,29264,29210,29074,28957,28808,28658,28430,28330,28172,28069,27890,27858,27769,27713,27567,27543,27460,27491
자양4동,23886,23662,23368,23000,22822,22397,22045,21526,20982,20980,20909,21296,21276,21291,21139,21260,21362,21396,23303,23405,23375,23232
잠실2동,36853,36817,36853,36809,36784,36712,36514,36216,35690,35581,35301,35145,34989,35006,34826,34876,35000,35034,35016,35005,34937,34951
잠실3동,36146,36262,36145,36038,35931,35780,35636,35497,34963,34825,34577,34475,34347,34271,34042,34143,34134,34110,34047,33948,33964,33957
잠실4동,27790,23856,22371,22240,22136,22063,21948,21798,21478,21400,21297,21376,21362,21296,21200,21223,21243,21293,21242,21271,21220,21150
잠실6동,17434,17471,17522,17441,17479,17465,17392,17366,17124,16991,16901,16905,16870,16779,16720,16713,16666,16710,16631,16657,16679,16617
잠실7동,10309,10258,10244,10191,10153,10088,10006,9903,9762,9674,9594,9564,9536,9511,9475,9427,9434,9433,9446,9434,9433,9384
잠실본동,29647,29675,29680,29628,29537,29408,29378,29093,28780,28760,28604,28439,28386,28367,28362,28358,28383,28355,28233,28300,28341,28242
잠원동,34745,34575,34953,35131,35058,33788,30777,28532,27983,27397,26995,26946,26853,26802,26459,26393,26398,26470,26982,27015,27020,26941
장안1동,39190,39260,39351,39153,39284,39319,39274,39287,39014,38890,38793,38794,38712,38677,38612,38677,38611,38402,38147,38032,38089,38086
장안2동,31585,31816,31930,33045,33395,33552,33348,33339,33004,32870,32861,32791,32761,32696,32710,32685,32672,32768,32859,33020,32975,32948
장위1동,21180,21032,20857,20592,20571,20556,20485,20449,24297,24573,24581,24511,24344,24271,24147,24082,24006,23936,23708,23607,23508,23467
장위2동,14677,14373,14207,13972,14043,14266,14201,14106,13950,13990,13995,13953,13937,13883,13726,13622,13595,13518,13482,13362,13282,13217
장위3동,11627,11811,13710,17580,18125,18145,18027,17359,16531,16312,16180,15980,15868,15844,15806,15868,15920,15915,15800,15663,15657,15602
장지동,34672,34463,34113,33055,31815,31022,30692,30370,29993,29734,29540,29693,29471,29353,29175,29102,29053,28943,28786,28672,28487,28457
장충동,5628,5668,5628,5628,5573,5528,5502,5468,5301,5310,5344,5301,5301,5340,5327,5326,5384,5423,5440,5462,5455,5458
전농1동,31173,31141,31096,31075,31136,31016,30793,30722,30036,29949,29911,29699,29553,29419,29296,29220,29353,29227,31659,32897,33590,33757
전농2동,20337,20231,20341,19990,19879,19753,19645,19449,19257,19192,19062,18876,18747,18786,18732,18629,18656,18540,18556,18432,18301,18252
정릉1동,19213,19553,19484,19455,19399,19261,19092,18929,18649,18614,18504,18377,18290,18268,18191,18197,18121,18070,18070,18015,17987,17962
정릉2동,24178,24093,23974,23834,23819,23749,23739,23736,23494,23457,23298,23268,23130,23097,22938,22911,22893,22940,22874,22815,22715,22597
정릉3동,17366,17310,17388,17233,17180,17035,16964,16847,16342,16265,16222,16210,16308,16420,16541,16567,16638,16705,16742,16628,16709,16658
정릉4동,27087,26995,26898,26792,26547,26301,26171,25993,25658,25483,25403,25322,25135,25097,24907,24911,24842,24731,24624,24516,24503,24511
제기동,27725,27738,27630,27364,27295,27137,27132,27017,26632,26621,26630,26577,26598,26596,26468,26484,26468,26306,25808,25501,25372,25322
조원동,19748,19676,19671,19579,19631,19531,19448,19232,18875,18737,18724,18786,18874,18871,19445,20490,20895,20986,21013,21077,21081,21113
종로1·2·3·4가동,8518,8500,8630,8446,8539,8526,8418,8448,8449,8372,8403,8595,8867,8818,8519,8700,8711,8582,8648,8492,8466,8435
종로5·6가동,5681,5667,5717,5839,5853,5800,5809,5656,5691,5554,5526,5476,5464,5469,5509,5817,5896,5921,5916,5899,5807,5778
종암동,42528,42479,42391,42068,41881,41594,41436,41353,40639,40539,40429,40325,40053,40090,40085,40111,40050,39904,39799,39766,39501,39379
중계1동,28321,28181,28152,28061,27903,27764,27646,27556,27211,27140,27084,26877,26733,26550,26586,26580,26504,26489,26419,26425,26389,26356
중계2·3동,37528,37278,37108,36763,36414,36153,35938,35586,35069,34909,34717,34326,34026,33916,33599,33497,33274,33059,32780,32618,32438,32221
중계4동,21683,21538,21480,21324,21121,21006,20864,20752,20507,20317,20135,19975,19850,19765,19645,19601,19522,19464,19284,19306,19291,19232
중계본동,26600,26404,26161,25875,25717,25452,25287,24942,24635,24421,24195,24009,23875,23746,23595,23477,23314,23161,23125,23131,23036,22879
중곡1동,16506,16510,16420,16287,16257,16201,16127,16190,15950,15940,15959,15862,15761,15664,15553,15663,15837,15766,15640,15691,15674,15587
중곡2동,22687,22606,22635,22564,22613,22500,22336,22285,22065,21966,21864,21739,21650,21545,21386,21336,21197,21111,20950,20882,20763,20675
중곡3동,17776,17567,17492,17315,17191,17126,17041,16902,16668,16545,16465,16357,16301,16290,16161,16177,16153,16119,16032,16008,15918,15814
중곡4동,30856,30792,30561,30516,30432,30320,30102,29815,29385,29330,29144,28954,28806,28615,28436,28405,28229,28142,28032,28006,27914,27899
중림동,13079,13055,13007,12942,12925,12896,12879,12801,12615,12416,12408,12351,12283,12321,12323,12338,12296,12269,12372,12494,12533,12466
중앙동,15791,15873,15782,15895,16005,16065,16016,15758,15565,15576,15606,15487,15681,15695,15730,15685,15787,15750,15691,15572,15647,15675
중화1동,21036,20983,21001,20916,20832,20699,20488,20400,20236,20171,19967,19784,19669,19570,19412,19293,19232,19128,19068,18908,18850,18768
중화2동,28672,28423,27994,27274,26823,26666,26450,26073,25747,25541,25530,25315,25280,25214,25020,24926,24773,24643,24417,24326,24191,24136
증산동,16341,16411,16254,16172,16006,15820,15617,15487,15275,15247,15175,15034,15085,18051,18571,18647,18678,18625,18523,18415,18276,17845
진관동,57121,57618,58038,58006,58032,57750,57491,57256,56701,56324,56236,56012,55605,55570,55185,55034,55043,54896,54718,54607,54253,54044
창1동,26645,26576,26438,26271,26078,25847,25578,25400,25163,25113,25004,24827,24731,24616,24551,24502,24417,24358,24281,24224,24146,24140
창2동,31211,31020,30723,30498,30394,30265,30057,29912,29651,29535,29442,29337,29214,29088,28988,28957,28832,28694,28577,28468,28374,28181
창3동,15071,14991,14923,14777,14641,14594,14515,14402,14249,14163,14027,13923,13863,13806,13708,13633,13528,13457,13389,13297,13235,13165
창4동,28339,28198,28034,27873,27696,27632,27422,27286,27046,26938,26790,26583,26503,26357,26171,26121,26038,26006,26124,26281,26551,26517
창5동,25884,25981,25866,25802,25685,25521,25405,25308,25050,24948,24784,24709,24579,24479,24392,24343,24262,24137,24069,24022,23965,23960
창신1동,6200,6166,6098,6079,6046,6016,6035,5964,5849,5761,5704,5631,5640,5583,5438,5383,5400,5401,5350,5331,5345,5366
창신2동,9954,9874,9825,9799,9776,9654,9568,9503,9391,9231,9137,9051,8984,8921,8816,8796,8760,8684,8641,8648,8634,8664
창신3동,7412,7354,7322,7271,7230,7189,7124,7107,6929,6875,6845,6733,6668,6647,6624,6606,6590,6574,6539,6520,6532,6533
천연동,18874,18834,18803,18704,18545,18469,18246,18049,17596,17487,17398,17359,17222,17179,17059,17031,16895,16892,16835,16789,16688,16731
천호1동,28966,28891,28623,28400,28223,28041,27899,27745,27405,27360,27196,26973,26920,26811,26753,26670,26623,26470,26396,26265,26194,26059
천호2동,36228,36203,36078,35904,35714,35642,35688,35251,34526,33940,33969,33753,33671,33582,33813,33825,33836,33718,33613,33425,33309,33194
천호3동,28452,28370,28294,27996,27543,27303,27269,27085,26897,26784,26804,27000,26845,26742,26637,26679,26765,26734,26672,26539,26651,26794
청구동,14743,14732,14595,14515,14379,14354,14342,14281,14109,13958,13851,13818,13769,13687,13561,13451,13395,13361,13318,13225,13247,13127
청담동,30181,30165,30132,30120,29479,27598,27364,27266,26985,26613,26276,25911,25723,25676,25462,25489,25392,25303,25085,24902,24820,24754
청량리동,22398,22288,22035,21808,21656,21588,21324,20432,19758,19566,19397,19280,19216,19133,19054,19094,19102,19438,19405,19347,19315,19303
청룡동,30750,30997,33607,34440,34924,35766,36328,36325,36313,36437,36458,36482,36789,36782,37018,37132,37252,37189,37042,36872,36979,37038
청림동,16411,16384,16331,16286,16127,16007,15908,15711,15451,15358,15328,15214,15135,15096,15084,15005,15025,14987,14908,14828,14762,14746
청운효자동,13225,13144,13090,12981,12960,12855,12708,12633,12288,12231,12220,12177,12100,11997,11887,11818,11764,11700,11539,11489,11414,11326
청파동,20956,20834,20715,20661,20768,20664,20580,20496,20305,20160,20121,20076,20081,20041,19835,19833,19856,19800,19786,19616,19500,19420
충현동,18320,18306,18242,18113,18225,18298,20591,21229,21002,20999,20869,20760,20722,20590,20437,20316,20279,20242,20176,20148,20151,20073
평창동,19002,18820,18830,18816,18768,18696,18618,18582,18491,18377,18336,18329,18272,18141,17952,17858,17743,17658,17635,17578,17472,17460
풍납1동,16099,15825,15697,15518,15332,15041,14914,14585,14139,13957,13673,13451,13298,13188,13048,12910,12772,12590,12409,12286,12251,12125
풍납2동,25007,24881,24762,25288,25805,25956,25880,25703,25533,25336,25200,24953,24856,24742,24481,24426,24326,24234,24048,23918,23677,23584
필동,5022,5088,5054,5020,4904,4837,4781,4754,4680,4729,4678,4679,4630,4709,4652,4816,4845,4905,4858,4971,5059,5248
하계1동,30039,29792,29814,29305,28864,28459,28188,27965,27668,27501,27288,27036,27706,27327,27255,26982,27539,27174,26877,26723,27043,26751
하계2동,23727,23600,23492,23318,23183,23061,22913,22723,22472,22369,22227,22034,21855,21792,21703,21642,21525,21423,21432,21369,21301,21142
한강로동,19354,19382,19504,19635,19884,19940,20910,22097,23212,23294,23417,23411,23286,23222,22988,22886,22769,22839,22811,22691,22620,22613
한남동,23737,23663,23600,23704,24136,23969,23969,23761,23351,23157,22977,22941,22883,22778,22173,22054,21841,21696,21237,19911,18352,16428
합정동,19410,19291,19175,19153,19031,18850,18747,18576,18069,17950,17853,17649,17631,17523,17120,17064,16955,16897,16828,16717,16543,16491
행당1동,16767,16665,16659,16463,15887,14827,14545,14363,14358,14198,14223,14193,14238,14211,14076,13996,14041,13994,13996,13984,14031,14034
행당2동,24924,24926,24748,24640,24543,24441,24273,24151,23927,23716,23568,23376,23273,23193,23160,23148,23079,23083,22970,22933,22832,22850
행운동,30523,30581,30276,30061,30194,30225,30000,29799,29546,29518,29492,29413,29569,29741,29741,29636,29666,29642,29595,29418,29501,29479
혜화동,20322,20465,20948,20435,20467,19956,19932,19734,19408,19125,19004,18960,18982,19118,19190,19392,19570,19346,19491,19239,19388,19209
홍은1동,23731,22981,22758,22902,23381,23266,23086,23266,23111,23010,22956,22933,22895,22972,22924,22825,22659,22639,22491,22410,22383,22340
홍은2동,28626,28546,28402,28394,28262,27982,27847,27734,27523,27360,27386,27222,27089,26951,26777,27499,29474,29559,29508,29394,29310,29247
홍제1동,24583,24990,25045,24997,24911,24811,24741,24604,24257,24153,24054,23929,23723,23656,23476,24674,25072,25120,25083,24959,24893,24852
홍제2동,14714,14683,14629,14570,14479,14520,14434,14334,14104,13984,13871,13801,13697,13630,13606,13433,13388,13335,13313,13281,13282,13224
홍제3동,16479,16538,16534,16420,16266,16155,16055,15983,15725,15626,15561,15478,17490,17866,17809,17890,17894,17938,17908,17842,17741,17718
화곡1동,54698,54801,54681,54562,54449,54160,53761,53380,53058,52954,52945,52770,52820,52810,52707,52647,52730,52580,52242,51791,51684,51286
화곡2동,19948,19795,19655,19487,19257,19119,18897,18727,18469,18360,18199,18096,17995,17971,17879,17785,17698,17617,17489,17358,17326,17267
화곡3동,22816,22675,22698,22710,22548,22306,22172,21938,21643,21587,21631,21661,21664,21648,21627,21603,21489,21447,21394,21261,21208,21107
화곡4동,22517,22297,22175,22044,21902,21758,21598,21413,21244,21078,20935,20820,20792,20720,20587,20514,20327,20233,20133,20017,19900,19800
화곡6동,25000,25067,24930,25118,25196,25405,25321,25133,25029,25112,24998,25096,25167,25344,25310,25303,25270,25144,25022,26236,26253,26155
화곡8동,26846,26798,26593,26509,26304,26155,25880,25674,25246,25058,24934,24789,24775,24818,24592,24415,24308,24172,23993,23888,23689,23410
화곡본동,36297,36127,36064,35918,35791,35553,35255,34981,34867,34876,34722,34612,34659,34571,34301,34121,33950,33781,33523,33346,33297,33103
화양동,25278,25314,25422,25537,25628,25263,25276,25541,25523,25680,25626,26034,26567,26870,26809,27082,27334,27438,27844,27645,27809,27646
황학동,13547,13613,13669,13689,13779,13721,13644,13531,13502,13428,13326,13444,13481,13483,13433,13459,13693,13711,13614,13612,13638,13711
회기동,13031,13100,13337,13114,12961,12679,12544,12663,12471,12566,12679,12727,12924,13162,13425,13536,13678,13577,13581,13653,13491,13547
회현동,5973,5898,5864,5850,5812,5814,5803,5757,5738,5466,5488,5432,5394,5396,5246,5222,5159,5166,5107,5053,5011,5012
효창동,9078,9829,10179,10300,10363,10387,10372,10326,10369,10265,10213,10156,10179,10831,10823,10888,10902,10895,10828,10811,10765,10772
후암동,18694,18617,18547,18445,18377,18354,18291,18202,17843,17618,17411,17308,17220,17126,16858,16812,16740,16638,16540,16462,16386,16412
휘경1동,14509,15343,16537,16508,16305,15421,15307,15362,15393,15590,15596,16105,16110,16319,16350,16339,16340,16279,16168,16179,16184,16185
휘경2동,25271,25178,25176,25068,25104,25132,25094,24992,24814,24828,24966,24847,24857,24831,24749,24666,25390,25325,25288,25163,25354,25324
흑석동,35007,35585,35482,35551,35474,34992,34770,34544,33747,33642,33466,33293,32996,33168,31892,30694,31020,31964,32366,32231,32259,32491
